Date,VL,Devise
21/04/2026,1539.27,EUR
20/04/2026,1517.36,EUR
19/04/2026,1560.58,EUR
16/04/2026,1588.93,EUR
15/04/2026,1556.75,EUR
14/04/2026,1567.09,EUR
13/04/2026,1564.96,EUR
12/04/2026,1529.42,EUR
09/04/2026,1531.44,EUR
08/04/2026,1545.76,EUR
07/04/2026,1528.27,EUR
06/04/2026,1467.27,EUR
01/04/2026,1481.42,EUR
31/03/2026,1515.99,EUR
30/03/2026,1487.34,EUR
29/03/2026,1433.2,EUR
26/03/2026,1419.58,EUR
25/03/2026,1385.24,EUR
24/03/2026,1454.17,EUR
23/03/2026,1411.51,EUR
22/03/2026,1406.59,EUR
19/03/2026,1451.93,EUR
18/03/2026,1459.88,EUR
17/03/2026,1558.86,EUR
16/03/2026,1607.22,EUR
15/03/2026,1600.14,EUR
12/03/2026,1599.74,EUR
11/03/2026,1655.6,EUR
10/03/2026,1673.01,EUR
09/03/2026,1710.23,EUR
08/03/2026,1653.54,EUR
05/03/2026,1653.53,EUR
04/03/2026,1628.53,EUR
03/03/2026,1648.97,EUR
02/03/2026,1631.94,EUR
01/03/2026,1739.17,EUR
26/02/2026,1763.76,EUR
25/02/2026,1700.7,EUR
24/02/2026,1747.17,EUR
23/02/2026,1694.59,EUR
22/02/2026,1687.84,EUR
19/02/2026,1650.63,EUR
18/02/2026,1589.74,EUR
17/02/2026,1603.24,EUR
16/02/2026,1544.85,EUR
12/02/2026,1599.84,EUR
11/02/2026,1560.73,EUR
10/02/2026,1650.73,EUR
09/02/2026,1614.27,EUR
08/02/2026,1634.29,EUR
05/02/2026,1589.86,EUR
04/02/2026,1569.04,EUR
03/02/2026,1637.73,EUR
02/02/2026,1637.19,EUR
01/02/2026,1542.37,EUR
29/01/2026,1567.27,EUR
28/01/2026,1928.69,EUR
27/01/2026,1925.87,EUR
26/01/2026,1832.17,EUR
25/01/2026,1946.14,EUR
22/01/2026,1835.02,EUR
21/01/2026,1768.22,EUR
20/01/2026,1722.4,EUR
19/01/2026,1713.82,EUR
15/01/2026,1633.01,EUR
14/01/2026,1672.8,EUR
13/01/2026,1667.51,EUR
12/01/2026,1632.93,EUR
11/01/2026,1635.36,EUR
08/01/2026,1572.03,EUR
07/01/2026,1535.89,EUR
06/01/2026,1547.98,EUR
05/01/2026,1605.39,EUR
04/01/2026,1542.09,EUR
01/01/2026,1465.36,EUR
30/12/2025,1446.07,EUR
29/12/2025,1528.56,EUR
28/12/2025,1460.57,EUR
23/12/2025,1516.26,EUR
22/12/2025,1527.17,EUR
21/12/2025,1469.3,EUR
18/12/2025,1437.98,EUR
17/12/2025,1411.78,EUR
16/12/2025,1414.47,EUR
15/12/2025,1374.16,EUR
14/12/2025,1362.59,EUR
11/12/2025,1338.22,EUR
10/12/2025,1339.85,EUR
09/12/2025,1293.76,EUR
08/12/2025,1307.05,EUR
07/12/2025,1282.2,EUR
04/12/2025,1288.71,EUR
03/12/2025,1278.86,EUR
02/12/2025,1285.3,EUR
01/12/2025,1281.49,EUR
30/11/2025,1294.65,EUR
27/11/2025,1283.21,EUR
25/11/2025,1234.62,EUR
24/11/2025,1214.44,EUR
23/11/2025,1201.96,EUR
20/11/2025,1190.97,EUR
19/11/2025,1189.04,EUR
18/11/2025,1203.7,EUR
17/11/2025,1200.03,EUR
16/11/2025,1201.92,EUR
13/11/2025,1206.55,EUR
12/11/2025,1246.37,EUR
11/11/2025,1255.13,EUR
09/11/2025,1215.56,EUR
06/11/2025,1176.12,EUR
05/11/2025,1169.89,EUR
04/11/2025,1177.65,EUR
03/11/2025,1165.37,EUR
02/11/2025,1184.53,EUR
30/10/2025,1181.65,EUR
29/10/2025,1195.2,EUR
28/10/2025,1184.76,EUR
27/10/2025,1174.73,EUR
26/10/2025,1176.44,EUR
23/10/2025,1208.73,EUR
22/10/2025,1209.85,EUR
21/10/2025,1183.4,EUR
20/10/2025,1181.27,EUR
19/10/2025,1266.67,EUR
16/10/2025,1233.05,EUR
15/10/2025,1297.05,EUR
14/10/2025,1254.94,EUR
13/10/2025,1243.27,EUR
09/10/2025,1185.16,EUR
08/10/2025,1186.03,EUR
07/10/2025,1219.62,EUR
06/10/2025,1186.6,EUR
05/10/2025,1189.06,EUR
02/10/2025,1171.15,EUR
01/10/2025,1144.03,EUR
30/09/2025,1157.49,EUR
29/09/2025,1151,EUR
28/09/2025,1155.76,EUR
25/09/2025,1143.59,EUR
24/09/2025,1118.99,EUR
23/09/2025,1101.76,EUR
22/09/2025,1114.75,EUR
21/09/2025,1089.63,EUR
18/09/2025,1068.25,EUR
17/09/2025,1057.83,EUR
16/09/2025,1057.99,EUR
15/09/2025,1069.67,EUR
14/09/2025,1072.96,EUR
11/09/2025,1068.61,EUR
10/09/2025,1059.66,EUR
09/09/2025,1055.25,EUR
08/09/2025,1044.72,EUR
07/09/2025,1051.1,EUR
04/09/2025,1044.33,EUR
03/09/2025,1036.33,EUR
02/09/2025,1060.4,EUR
01/09/2025,1042.24,EUR
28/08/2025,1017.96,EUR
27/08/2025,1004.72,EUR
26/08/2025,994.67,EUR
25/08/2025,992.51,EUR
21/08/2025,997.69,EUR
20/08/2025,985.03,EUR
19/08/2025,981.16,EUR
18/08/2025,968.7,EUR
17/08/2025,981.23,EUR
13/08/2025,988.09,EUR
12/08/2025,990.17,EUR
11/08/2025,987.58,EUR
10/08/2025,985.87,EUR
07/08/2025,1000.12,EUR
06/08/2025,997.86,EUR
05/08/2025,988.87,EUR
04/08/2025,989.5,EUR
03/08/2025,987.12,EUR
31/07/2025,977.4,EUR
30/07/2025,964.97,EUR
29/07/2025,988.81,EUR
28/07/2025,1004.93,EUR
27/07/2025,1003.2,EUR
24/07/2025,1006.26,EUR
23/07/2025,1021.69,EUR
22/07/2025,1030.83,EUR
21/07/2025,1042.01,EUR
20/07/2025,1036.76,EUR
17/07/2025,1017.99,EUR
16/07/2025,1017.79,EUR
15/07/2025,1011.19,EUR
14/07/2025,1002.35,EUR
10/07/2025,1023.05,EUR
09/07/2025,992.74,EUR
08/07/2025,979.7,EUR
07/07/2025,979.93,EUR
06/07/2025,980.69,EUR
02/07/2025,985.45,EUR
01/07/2025,995.31,EUR
30/06/2025,975.38,EUR
29/06/2025,965.34,EUR
26/06/2025,968.09,EUR
25/06/2025,990.16,EUR
24/06/2025,969.04,EUR
23/06/2025,961.51,EUR
22/06/2025,968.12,EUR
19/06/2025,959.15,EUR
17/06/2025,976.66,EUR
16/06/2025,968.49,EUR
15/06/2025,962.21,EUR
12/06/2025,959.22,EUR
11/06/2025,965.31,EUR
10/06/2025,955.84,EUR
09/06/2025,948.43,EUR
05/06/2025,935.43,EUR
04/06/2025,927.98,EUR
03/06/2025,913.51,EUR
02/06/2025,908,EUR
01/06/2025,907.09,EUR
29/05/2025,883.4,EUR
27/05/2025,888.68,EUR
26/05/2025,892.3,EUR
22/05/2025,905.58,EUR
21/05/2025,894.34,EUR
20/05/2025,901.27,EUR
19/05/2025,887.39,EUR
18/05/2025,864.16,EUR
15/05/2025,853.35,EUR
14/05/2025,861.61,EUR
13/05/2025,851.64,EUR
12/05/2025,865.45,EUR
11/05/2025,855.74,EUR
08/05/2025,879.4,EUR
06/05/2025,880.16,EUR
05/05/2025,889.52,EUR
01/05/2025,854.03,EUR
29/04/2025,866.63,EUR
28/04/2025,876.75,EUR
27/04/2025,879.53,EUR
24/04/2025,868.17,EUR
23/04/2025,879.73,EUR
22/04/2025,872.78,EUR
21/04/2025,878.22,EUR
16/04/2025,869.97,EUR
15/04/2025,877.16,EUR
14/04/2025,857.96,EUR
13/04/2025,851.52,EUR
10/04/2025,846.12,EUR
09/04/2025,828.22,EUR
08/04/2025,811.08,EUR
07/04/2025,794.5,EUR
06/04/2025,790.77,EUR
03/04/2025,798.49,EUR
02/04/2025,837.2,EUR
01/04/2025,869.74,EUR
31/03/2025,868.17,EUR
30/03/2025,875.2,EUR
27/03/2025,864.42,EUR
26/03/2025,864.03,EUR
25/03/2025,849.93,EUR
24/03/2025,849.9,EUR
23/03/2025,841.53,EUR
20/03/2025,845.74,EUR
19/03/2025,853.64,EUR
18/03/2025,858.71,EUR
17/03/2025,866.37,EUR
16/03/2025,859.19,EUR
13/03/2025,856.81,EUR
12/03/2025,853.13,EUR
11/03/2025,841.23,EUR
10/03/2025,830.73,EUR
09/03/2025,821.75,EUR
06/03/2025,825.7,EUR
05/03/2025,833.08,EUR
04/03/2025,830.3,EUR
03/03/2025,824.64,EUR
02/03/2025,821.99,EUR
27/02/2025,800.73,EUR
26/02/2025,814.7,EUR
25/02/2025,826.39,EUR
24/02/2025,820.47,EUR
23/02/2025,832.3,EUR
20/02/2025,839.74,EUR
19/02/2025,845.91,EUR
18/02/2025,837.22,EUR
17/02/2025,846.28,EUR
13/02/2025,839.74,EUR
12/02/2025,849.85,EUR
11/02/2025,847.37,EUR
10/02/2025,842.7,EUR
09/02/2025,843.88,EUR
06/02/2025,834.23,EUR
05/02/2025,835.04,EUR
04/02/2025,841.02,EUR
03/02/2025,836.08,EUR
02/02/2025,829.9,EUR
30/01/2025,834.94,EUR
29/01/2025,831.24,EUR
28/01/2025,805.67,EUR
27/01/2025,798.26,EUR
26/01/2025,792.21,EUR
23/01/2025,806.58,EUR
22/01/2025,802.6,EUR
21/01/2025,806.3,EUR
20/01/2025,803.79,EUR
16/01/2025,798.71,EUR
15/01/2025,798.44,EUR
14/01/2025,793.14,EUR
13/01/2025,780.75,EUR
12/01/2025,784.75,EUR
09/01/2025,801.63,EUR
08/01/2025,792.17,EUR
07/01/2025,787.28,EUR
06/01/2025,784.74,EUR
05/01/2025,774.2,EUR
02/01/2025,773.34,EUR
01/01/2025,768.11,EUR
30/12/2024,757.57,EUR
29/12/2024,757.15,EUR
26/12/2024,766.12,EUR
23/12/2024,776.44,EUR
22/12/2024,771,EUR
19/12/2024,769.01,EUR
18/12/2024,758.66,EUR
17/12/2024,776.46,EUR
16/12/2024,781.36,EUR
15/12/2024,783.68,EUR
12/12/2024,781.21,EUR
11/12/2024,794.39,EUR
10/12/2024,811.69,EUR
09/12/2024,802.82,EUR
08/12/2024,799.38,EUR
05/12/2024,783.95,EUR
04/12/2024,784.04,EUR
03/12/2024,793.18,EUR
02/12/2024,790.33,EUR
01/12/2024,783.41,EUR
28/11/2024,788.62,EUR
26/11/2024,777.85,EUR
25/11/2024,777.22,EUR
24/11/2024,778.28,EUR
21/11/2024,805.23,EUR
20/11/2024,797.95,EUR
19/11/2024,793.29,EUR
18/11/2024,795.36,EUR
17/11/2024,790.7,EUR
14/11/2024,770.96,EUR
13/11/2024,771.09,EUR
12/11/2024,773.65,EUR
11/11/2024,778.03,EUR
07/11/2024,802.96,EUR
06/11/2024,812.68,EUR
05/11/2024,804.89,EUR
04/11/2024,828.77,EUR
03/11/2024,823.52,EUR
30/10/2024,828.61,EUR
29/10/2024,849.79,EUR
28/10/2024,860.19,EUR
27/10/2024,851.28,EUR
24/10/2024,846.76,EUR
23/10/2024,843.69,EUR
22/10/2024,835.5,EUR
21/10/2024,850.03,EUR
20/10/2024,834.94,EUR
17/10/2024,831.58,EUR
16/10/2024,813.6,EUR
15/10/2024,811.1,EUR
14/10/2024,806.14,EUR
10/10/2024,808.1,EUR
09/10/2024,796.32,EUR
08/10/2024,785.52,EUR
07/10/2024,785.54,EUR
06/10/2024,804.44,EUR
03/10/2024,808.84,EUR
02/10/2024,812,EUR
01/10/2024,810.36,EUR
30/09/2024,807.54,EUR
29/09/2024,799.66,EUR
26/09/2024,810.62,EUR
25/09/2024,818.74,EUR
24/09/2024,810.45,EUR
23/09/2024,812.43,EUR
22/09/2024,794.68,EUR
19/09/2024,801.87,EUR
18/09/2024,800.34,EUR
17/09/2024,787.89,EUR
16/09/2024,792.04,EUR
15/09/2024,795.44,EUR
12/09/2024,798.41,EUR
11/09/2024,782.24,EUR
10/09/2024,762.3,EUR
09/09/2024,755.66,EUR
08/09/2024,754.03,EUR
05/09/2024,742.2,EUR
04/09/2024,754.57,EUR
03/09/2024,743.9,EUR
02/09/2024,742.34,EUR
29/08/2024,753.84,EUR
28/08/2024,766.98,EUR
27/08/2024,757.92,EUR
26/08/2024,771.3,EUR
22/08/2024,769.01,EUR
21/08/2024,756.44,EUR
20/08/2024,768.63,EUR
19/08/2024,763.91,EUR
18/08/2024,762.87,EUR
15/08/2024,760.57,EUR
13/08/2024,735.27,EUR
12/08/2024,745.14,EUR
11/08/2024,744.84,EUR
08/08/2024,734.62,EUR
07/08/2024,735.9,EUR
06/08/2024,724.25,EUR
05/08/2024,722.66,EUR
04/08/2024,721.72,EUR
01/08/2024,745.86,EUR
31/07/2024,748.35,EUR
30/07/2024,754.17,EUR
29/07/2024,743.42,EUR
28/07/2024,733.31,EUR
25/07/2024,732.06,EUR
24/07/2024,728.67,EUR
23/07/2024,751.66,EUR
22/07/2024,747.17,EUR
21/07/2024,744.5,EUR
18/07/2024,748.85,EUR
17/07/2024,766.33,EUR
16/07/2024,773.17,EUR
15/07/2024,781.52,EUR
14/07/2024,772.48,EUR
11/07/2024,774.22,EUR
10/07/2024,778.84,EUR
09/07/2024,766.97,EUR
08/07/2024,763.79,EUR
07/07/2024,766.39,EUR
04/07/2024,783.17,EUR
02/07/2024,767.35,EUR
01/07/2024,753.37,EUR
30/06/2024,747.63,EUR
27/06/2024,752.11,EUR
26/06/2024,745.72,EUR
25/06/2024,747.49,EUR
24/06/2024,743.2,EUR
23/06/2024,753.87,EUR
20/06/2024,748.98,EUR
19/06/2024,758.96,EUR
17/06/2024,745.24,EUR
16/06/2024,740.56,EUR
13/06/2024,741.82,EUR
12/06/2024,733.7,EUR
11/06/2024,750.61,EUR
10/06/2024,736.85,EUR
09/06/2024,745.25,EUR
06/06/2024,741.86,EUR
05/06/2024,771.55,EUR
04/06/2024,759.07,EUR
03/06/2024,750.44,EUR
02/06/2024,765.83,EUR
30/05/2024,762.59,EUR
29/05/2024,773.88,EUR
28/05/2024,781.12,EUR
27/05/2024,785.81,EUR
23/05/2024,766.7,EUR
22/05/2024,765.52,EUR
21/05/2024,784.87,EUR
20/05/2024,796.64,EUR
16/05/2024,794.36,EUR
15/05/2024,777,EUR
14/05/2024,778.12,EUR
13/05/2024,759.94,EUR
12/05/2024,748.88,EUR
09/05/2024,754.08,EUR
06/05/2024,737.6,EUR
02/05/2024,723.05,EUR
01/05/2024,722.56,EUR
29/04/2024,718.96,EUR
28/04/2024,737.14,EUR
25/04/2024,725.83,EUR
24/04/2024,728.3,EUR
23/04/2024,729.84,EUR
22/04/2024,733.77,EUR
21/04/2024,733.67,EUR
18/04/2024,754.66,EUR
17/04/2024,753.48,EUR
16/04/2024,751.18,EUR
15/04/2024,756.96,EUR
14/04/2024,758.61,EUR
11/04/2024,760.96,EUR
10/04/2024,755.28,EUR
09/04/2024,751.82,EUR
08/04/2024,758.44,EUR
07/04/2024,749.21,EUR
04/04/2024,734.81,EUR
03/04/2024,735.97,EUR
02/04/2024,731.58,EUR
01/04/2024,716.65,EUR
27/03/2024,705.9,EUR
26/03/2024,695.62,EUR
25/03/2024,696.53,EUR
24/03/2024,699.15,EUR
21/03/2024,692.96,EUR
20/03/2024,702.11,EUR
19/03/2024,694.77,EUR
18/03/2024,694.96,EUR
17/03/2024,705.31,EUR
14/03/2024,715.97,EUR
13/03/2024,711.87,EUR
12/03/2024,714.39,EUR
11/03/2024,702.55,EUR
10/03/2024,707.76,EUR
07/03/2024,699.88,EUR
06/03/2024,701.38,EUR
05/03/2024,699.32,EUR
04/03/2024,674.93,EUR
03/03/2024,679.58,EUR
29/02/2024,668.22,EUR
28/02/2024,657.41,EUR
27/02/2024,652.37,EUR
26/02/2024,657.91,EUR
25/02/2024,656.79,EUR
22/02/2024,669.44,EUR
21/02/2024,662.73,EUR
20/02/2024,657.89,EUR
19/02/2024,668.53,EUR
15/02/2024,664.47,EUR
14/02/2024,658.81,EUR
13/02/2024,650.33,EUR
12/02/2024,635.39,EUR
11/02/2024,649.92,EUR
08/02/2024,642.27,EUR
07/02/2024,649.32,EUR
06/02/2024,648.1,EUR
05/02/2024,659.71,EUR
04/02/2024,657.89,EUR
01/02/2024,660.07,EUR
31/01/2024,671.34,EUR
30/01/2024,675.44,EUR
29/01/2024,671.11,EUR
28/01/2024,671.72,EUR
25/01/2024,662.97,EUR
24/01/2024,656.57,EUR
23/01/2024,663.55,EUR
22/01/2024,656.77,EUR
21/01/2024,653.99,EUR
18/01/2024,659.15,EUR
17/01/2024,658.9,EUR
16/01/2024,649.12,EUR
15/01/2024,659.42,EUR
11/01/2024,671.92,EUR
10/01/2024,664.6,EUR
09/01/2024,670.97,EUR
08/01/2024,671.14,EUR
07/01/2024,677.99,EUR
04/01/2024,687.2,EUR
03/01/2024,685.69,EUR
02/01/2024,691.96,EUR
01/01/2024,704.09,EUR
28/12/2023,709.77,EUR
27/12/2023,719.2,EUR
26/12/2023,722.84,EUR
21/12/2023,724.51,EUR
20/12/2023,720.63,EUR
19/12/2023,720.58,EUR
18/12/2023,719.53,EUR
17/12/2023,709.79,EUR
14/12/2023,709.58,EUR
13/12/2023,703.64,EUR
12/12/2023,660.92,EUR
11/12/2023,663.95,EUR
10/12/2023,659.58,EUR
07/12/2023,662.09,EUR
06/12/2023,673.65,EUR
05/12/2023,667.27,EUR
04/12/2023,668.08,EUR
03/12/2023,679.52,EUR
30/11/2023,696.77,EUR
29/11/2023,692.71,EUR
28/11/2023,696.43,EUR
27/11/2023,699.83,EUR
26/11/2023,691.2,EUR
23/11/2023,691.54,EUR
21/11/2023,682.28,EUR
20/11/2023,691.66,EUR
19/11/2023,684.1,EUR
16/11/2023,677.63,EUR
15/11/2023,677.36,EUR
14/11/2023,670.71,EUR
13/11/2023,665.22,EUR
12/11/2023,648.19,EUR
09/11/2023,642.93,EUR
08/11/2023,657.41,EUR
07/11/2023,662.84,EUR
06/11/2023,668.35,EUR
05/11/2023,684.03,EUR
02/11/2023,691.44,EUR
01/11/2023,683.62,EUR
30/10/2023,688.2,EUR
29/10/2023,693.2,EUR
26/10/2023,682.71,EUR
25/10/2023,684.77,EUR
24/10/2023,684.27,EUR
23/10/2023,679.71,EUR
22/10/2023,684.04,EUR
19/10/2023,683.1,EUR
18/10/2023,678.24,EUR
17/10/2023,678.29,EUR
16/10/2023,677.03,EUR
15/10/2023,674.18,EUR
12/10/2023,673.3,EUR
11/10/2023,658.74,EUR
10/10/2023,665.69,EUR
09/10/2023,662.65,EUR
05/10/2023,654.81,EUR
04/10/2023,643.44,EUR
03/10/2023,649.45,EUR
02/10/2023,654.99,EUR
01/10/2023,658.61,EUR
28/09/2023,677.94,EUR
27/09/2023,683.8,EUR
26/09/2023,675.83,EUR
25/09/2023,685.64,EUR
24/09/2023,691.2,EUR
21/09/2023,700.68,EUR
20/09/2023,699.12,EUR
19/09/2023,707.74,EUR
18/09/2023,702.43,EUR
17/09/2023,698.41,EUR
14/09/2023,696.58,EUR
13/09/2023,689.76,EUR
12/09/2023,690.67,EUR
11/09/2023,691.74,EUR
10/09/2023,688.41,EUR
07/09/2023,682.14,EUR
06/09/2023,687.51,EUR
05/09/2023,689.59,EUR
04/09/2023,696.11,EUR
31/08/2023,709.25,EUR
30/08/2023,710.25,EUR
29/08/2023,715.42,EUR
28/08/2023,718.26,EUR
24/08/2023,702.74,EUR
23/08/2023,704.72,EUR
22/08/2023,708.73,EUR
21/08/2023,696.05,EUR
20/08/2023,690.3,EUR
17/08/2023,688.4,EUR
16/08/2023,680.45,EUR
15/08/2023,679.31,EUR
13/08/2023,691.89,EUR
10/08/2023,697.86,EUR
09/08/2023,698.32,EUR
08/08/2023,685.61,EUR
07/08/2023,688.01,EUR
06/08/2023,697.87,EUR
03/08/2023,705.17,EUR
02/08/2023,702.11,EUR
01/08/2023,703.28,EUR
31/07/2023,707.6,EUR
30/07/2023,722.91,EUR
27/07/2023,712.39,EUR
26/07/2023,709.43,EUR
25/07/2023,722.82,EUR
24/07/2023,724.68,EUR
23/07/2023,720.34,EUR
20/07/2023,725.15,EUR
19/07/2023,723.75,EUR
18/07/2023,734.57,EUR
17/07/2023,736.3,EUR
16/07/2023,726.29,EUR
12/07/2023,727.43,EUR
11/07/2023,717.53,EUR
10/07/2023,700.43,EUR
09/07/2023,699.07,EUR
06/07/2023,697.31,EUR
05/07/2023,690.54,EUR
04/07/2023,699.79,EUR
02/07/2023,693.1,EUR
29/06/2023,691.39,EUR
28/06/2023,688.06,EUR
27/06/2023,695.48,EUR
26/06/2023,702.93,EUR
25/06/2023,704.23,EUR
22/06/2023,696.99,EUR
21/06/2023,696.55,EUR
20/06/2023,713.29,EUR
19/06/2023,723.13,EUR
15/06/2023,739.33,EUR
14/06/2023,736.66,EUR
13/06/2023,736.01,EUR
12/06/2023,728.28,EUR
11/06/2023,731.32,EUR
08/06/2023,732.93,EUR
07/06/2023,739.09,EUR
06/06/2023,735.74,EUR
05/06/2023,744.5,EUR
04/06/2023,742.76,EUR
01/06/2023,737.32,EUR
31/05/2023,742,EUR
30/05/2023,732.04,EUR
29/05/2023,736.81,EUR
25/05/2023,739.63,EUR
24/05/2023,735.36,EUR
23/05/2023,739.12,EUR
22/05/2023,752.39,EUR
21/05/2023,762.43,EUR
18/05/2023,767.75,EUR
16/05/2023,763.96,EUR
15/05/2023,764.37,EUR
14/05/2023,775.68,EUR
11/05/2023,771.69,EUR
10/05/2023,783.85,EUR
09/05/2023,801.63,EUR
08/05/2023,801.02,EUR
04/05/2023,781.31,EUR
03/05/2023,779.64,EUR
02/05/2023,772.37,EUR
01/05/2023,773.11,EUR
27/04/2023,778.54,EUR
26/04/2023,777.07,EUR
25/04/2023,779.29,EUR
24/04/2023,776.39,EUR
23/04/2023,784.11,EUR
20/04/2023,794.66,EUR
19/04/2023,794.19,EUR
18/04/2023,795.11,EUR
17/04/2023,797.4,EUR
16/04/2023,780.04,EUR
13/04/2023,775.86,EUR
12/04/2023,786.08,EUR
11/04/2023,768.53,EUR
10/04/2023,761.13,EUR
05/04/2023,765.65,EUR
04/04/2023,760.95,EUR
03/04/2023,768.22,EUR
02/04/2023,751.11,EUR
30/03/2023,752.11,EUR
29/03/2023,751.15,EUR
28/03/2023,739.95,EUR
27/03/2023,737.11,EUR
26/03/2023,733.16,EUR
23/03/2023,741.04,EUR
22/03/2023,745.14,EUR
21/03/2023,735.45,EUR
20/03/2023,723.94,EUR
19/03/2023,735.47,EUR
16/03/2023,728.87,EUR
15/03/2023,718.66,EUR
14/03/2023,724.16,EUR
13/03/2023,734.03,EUR
12/03/2023,730.83,EUR
09/03/2023,695.31,EUR
08/03/2023,688.02,EUR
07/03/2023,683.02,EUR
06/03/2023,683.78,EUR
05/03/2023,707.27,EUR
02/03/2023,710.74,EUR
01/03/2023,703.58,EUR
28/02/2023,704.58,EUR
27/02/2023,700.47,EUR
26/02/2023,695.56,EUR
23/02/2023,685.1,EUR
22/02/2023,701.13,EUR
21/02/2023,712.75,EUR
20/02/2023,717.33,EUR
16/02/2023,710.4,EUR
15/02/2023,716,EUR
14/02/2023,704.17,EUR
13/02/2023,714.71,EUR
12/02/2023,724.64,EUR
09/02/2023,725.4,EUR
08/02/2023,737.06,EUR
07/02/2023,746.21,EUR
06/02/2023,744.03,EUR
05/02/2023,736.4,EUR
02/02/2023,741.82,EUR
01/02/2023,768.74,EUR
31/01/2023,764.4,EUR
30/01/2023,770.71,EUR
29/01/2023,767.26,EUR
26/01/2023,764.13,EUR
25/01/2023,774.09,EUR
24/01/2023,781.35,EUR
23/01/2023,786.61,EUR
22/01/2023,779.35,EUR
19/01/2023,782.72,EUR
18/01/2023,784.81,EUR
17/01/2023,775.11,EUR
16/01/2023,781.51,EUR
12/01/2023,794.42,EUR
11/01/2023,790.54,EUR
10/01/2023,782.9,EUR
09/01/2023,784.08,EUR
08/01/2023,787.06,EUR
05/01/2023,790.32,EUR
04/01/2023,770.01,EUR
03/01/2023,785.95,EUR
02/01/2023,776.02,EUR
29/12/2022,779.81,EUR
28/12/2022,780.1,EUR
27/12/2022,765.87,EUR
22/12/2022,761.76,EUR
21/12/2022,746.19,EUR
20/12/2022,757.1,EUR
19/12/2022,765.48,EUR
18/12/2022,743.56,EUR
15/12/2022,750.46,EUR
14/12/2022,759.77,EUR
13/12/2022,783.55,EUR
12/12/2022,784.83,EUR
11/12/2022,766.31,EUR
08/12/2022,782.97,EUR
07/12/2022,771.8,EUR
06/12/2022,761.99,EUR
05/12/2022,752.64,EUR
04/12/2022,755.74,EUR
01/12/2022,772.33,EUR
30/11/2022,778.37,EUR
29/11/2022,753.03,EUR
28/11/2022,743.76,EUR
27/11/2022,739.7,EUR
24/11/2022,742.15,EUR
22/11/2022,746.3,EUR
21/11/2022,741.42,EUR
20/11/2022,738.79,EUR
17/11/2022,748.54,EUR
16/11/2022,756.55,EUR
15/11/2022,772.44,EUR
14/11/2022,773.19,EUR
13/11/2022,775.85,EUR
09/11/2022,766.1,EUR
08/11/2022,740.67,EUR
07/11/2022,750.88,EUR
06/11/2022,733.97,EUR
03/11/2022,723.05,EUR
02/11/2022,697.19,EUR
01/11/2022,709.94,EUR
30/10/2022,700.14,EUR
27/10/2022,709.55,EUR
26/10/2022,721.71,EUR
25/10/2022,723.13,EUR
24/10/2022,710.3,EUR
23/10/2022,713.29,EUR
20/10/2022,716.74,EUR
19/10/2022,712.83,EUR
18/10/2022,698.05,EUR
17/10/2022,709.13,EUR
16/10/2022,711.39,EUR
13/10/2022,700.62,EUR
12/10/2022,720.57,EUR
11/10/2022,719.6,EUR
10/10/2022,729.39,EUR
06/10/2022,745.45,EUR
05/10/2022,757.13,EUR
04/10/2022,753.65,EUR
03/10/2022,768.09,EUR
02/10/2022,747.24,EUR
29/09/2022,719.67,EUR
28/09/2022,718.69,EUR
27/09/2022,717.51,EUR
26/09/2022,698.63,EUR
25/09/2022,697.27,EUR
22/09/2022,707.86,EUR
21/09/2022,732.41,EUR
20/09/2022,728.93,EUR
19/09/2022,729.68,EUR
15/09/2022,725.95,EUR
14/09/2022,727.53,EUR
13/09/2022,737.28,EUR
12/09/2022,729.83,EUR
11/09/2022,751.82,EUR
08/09/2022,729.88,EUR
07/09/2022,721.99,EUR
06/09/2022,709.53,EUR
05/09/2022,698.74,EUR
01/09/2022,701.49,EUR
31/08/2022,693.47,EUR
30/08/2022,707.82,EUR
29/08/2022,714.22,EUR
25/08/2022,728.22,EUR
24/08/2022,739.17,EUR
23/08/2022,726.49,EUR
22/08/2022,725.2,EUR
21/08/2022,721.32,EUR
18/08/2022,739.59,EUR
17/08/2022,748.46,EUR
16/08/2022,753.02,EUR
15/08/2022,760.84,EUR
11/08/2022,779.98,EUR
10/08/2022,780.96,EUR
09/08/2022,779.86,EUR
08/08/2022,773.44,EUR
07/08/2022,776.07,EUR
04/08/2022,757.38,EUR
03/08/2022,758.25,EUR
02/08/2022,740.28,EUR
01/08/2022,753.49,EUR
31/07/2022,762.14,EUR
28/07/2022,753.06,EUR
27/07/2022,742.8,EUR
26/07/2022,722.11,EUR
25/07/2022,719.67,EUR
24/07/2022,718.39,EUR
21/07/2022,722.91,EUR
20/07/2022,708.95,EUR
19/07/2022,703.27,EUR
18/07/2022,706.8,EUR
17/07/2022,706.98,EUR
14/07/2022,698.35,EUR
12/07/2022,720.42,EUR
11/07/2022,718.65,EUR
10/07/2022,738.22,EUR
07/07/2022,743.65,EUR
06/07/2022,727.43,EUR
05/07/2022,714.62,EUR
04/07/2022,722.11,EUR
30/06/2022,737.64,EUR
29/06/2022,746.34,EUR
28/06/2022,755.95,EUR
27/06/2022,749.64,EUR
26/06/2022,751.43,EUR
23/06/2022,752.34,EUR
22/06/2022,749.25,EUR
21/06/2022,758.75,EUR
20/06/2022,765.8,EUR
16/06/2022,757.96,EUR
15/06/2022,771.03,EUR
14/06/2022,755.91,EUR
13/06/2022,744.72,EUR
12/06/2022,753.54,EUR
09/06/2022,783.2,EUR
08/06/2022,780.54,EUR
07/06/2022,791.11,EUR
06/06/2022,793.67,EUR
31/05/2022,791.61,EUR
30/05/2022,785.43,EUR
26/05/2022,789.81,EUR
24/05/2022,779.62,EUR
23/05/2022,786.43,EUR
22/05/2022,780.54,EUR
19/05/2022,775.76,EUR
18/05/2022,783.05,EUR
17/05/2022,772.74,EUR
16/05/2022,781.56,EUR
15/05/2022,774.03,EUR
12/05/2022,763.32,EUR
11/05/2022,759.69,EUR
10/05/2022,792.87,EUR
09/05/2022,785.36,EUR
08/05/2022,790.96,EUR
05/05/2022,798.91,EUR
04/05/2022,813.25,EUR
03/05/2022,817.23,EUR
02/05/2022,815.5,EUR
28/04/2022,827.29,EUR
27/04/2022,812.11,EUR
26/04/2022,812.84,EUR
25/04/2022,814.82,EUR
24/04/2022,808.67,EUR
21/04/2022,842.55,EUR
20/04/2022,858.59,EUR
19/04/2022,871.34,EUR
18/04/2022,866.93,EUR
13/04/2022,870.94,EUR
12/04/2022,872.83,EUR
11/04/2022,867.34,EUR
10/04/2022,863.08,EUR
07/04/2022,861.53,EUR
06/04/2022,840.77,EUR
05/04/2022,832.52,EUR
04/04/2022,841.49,EUR
03/04/2022,849.34,EUR
31/03/2022,847.23,EUR
30/03/2022,856.04,EUR
29/03/2022,853.51,EUR
28/03/2022,832.85,EUR
27/03/2022,853.24,EUR
24/03/2022,873.6,EUR
23/03/2022,891.44,EUR
22/03/2022,879.34,EUR
21/03/2022,872.05,EUR
20/03/2022,884.28,EUR
17/03/2022,877.77,EUR
16/03/2022,883.06,EUR
15/03/2022,857.63,EUR
14/03/2022,866.72,EUR
13/03/2022,881.8,EUR
10/03/2022,925.04,EUR
09/03/2022,938.03,EUR
08/03/2022,936.86,EUR
07/03/2022,963.43,EUR
06/03/2022,935.65,EUR
03/03/2022,936.58,EUR
02/03/2022,902.98,EUR
01/03/2022,893.7,EUR
28/02/2022,887.93,EUR
27/02/2022,867.09,EUR
24/02/2022,853.74,EUR
23/02/2022,877.28,EUR
22/02/2022,874.23,EUR
21/02/2022,865.75,EUR
17/02/2022,858.1,EUR
16/02/2022,861.91,EUR
15/02/2022,843.44,EUR
14/02/2022,830.12,EUR
13/02/2022,844.31,EUR
10/02/2022,822.97,EUR
09/02/2022,832.83,EUR
08/02/2022,832.11,EUR
07/02/2022,827.81,EUR
06/02/2022,822.96,EUR
03/02/2022,819.06,EUR
02/02/2022,820.78,EUR
01/02/2022,830.38,EUR
31/01/2022,822.92,EUR
30/01/2022,820.91,EUR
27/01/2022,817.73,EUR
26/01/2022,823.95,EUR
25/01/2022,841.75,EUR
24/01/2022,829.96,EUR
23/01/2022,822.77,EUR
20/01/2022,824.41,EUR
19/01/2022,829.06,EUR
18/01/2022,816.5,EUR
17/01/2022,789.15,EUR
13/01/2022,780.98,EUR
12/01/2022,785.87,EUR
11/01/2022,790.77,EUR
10/01/2022,785.98,EUR
09/01/2022,772.45,EUR
06/01/2022,776.95,EUR
05/01/2022,770.7,EUR
04/01/2022,792.99,EUR
03/01/2022,781.64,EUR
29/12/2021,791.37,EUR
28/12/2021,789.85,EUR
22/12/2021,789.45,EUR
21/12/2021,779.89,EUR
20/12/2021,760.54,EUR
19/12/2021,755.23,EUR
16/12/2021,763.96,EUR
15/12/2021,755.92,EUR
14/12/2021,722.15,EUR
13/12/2021,735.73,EUR
12/12/2021,748.34,EUR
09/12/2021,755.56,EUR
08/12/2021,759.19,EUR
07/12/2021,770.33,EUR
06/12/2021,769.42,EUR
05/12/2021,764.38,EUR
02/12/2021,762.07,EUR
01/12/2021,755.08,EUR
30/11/2021,757.47,EUR
29/11/2021,753.85,EUR
28/11/2021,769.35,EUR
25/11/2021,769.45,EUR
23/11/2021,781.53,EUR
22/11/2021,779.66,EUR
21/11/2021,806.7,EUR
18/11/2021,831.64,EUR
17/11/2021,842.91,EUR
16/11/2021,852.33,EUR
15/11/2021,847.51,EUR
14/11/2021,853.59,EUR
11/11/2021,851.18,EUR
09/11/2021,835.17,EUR
08/11/2021,825.04,EUR
07/11/2021,830.64,EUR
04/11/2021,817.83,EUR
03/11/2021,808.45,EUR
02/11/2021,796.77,EUR
01/11/2021,807.38,EUR
28/10/2021,804.42,EUR
27/10/2021,810.2,EUR
26/10/2021,808.06,EUR
25/10/2021,811.26,EUR
24/10/2021,825.83,EUR
21/10/2021,820.19,EUR
20/10/2021,813.96,EUR
19/10/2021,822.24,EUR
18/10/2021,816.51,EUR
17/10/2021,802.48,EUR
14/10/2021,812.28,EUR
13/10/2021,823.13,EUR
12/10/2021,812.13,EUR
11/10/2021,794.67,EUR
07/10/2021,800.56,EUR
06/10/2021,783.52,EUR
05/10/2021,774.21,EUR
04/10/2021,774.41,EUR
03/10/2021,773.97,EUR
30/09/2021,776.28,EUR
29/09/2021,770.34,EUR
28/09/2021,752.18,EUR
27/09/2021,766.26,EUR
26/09/2021,780.9,EUR
23/09/2021,779.04,EUR
22/09/2021,785.54,EUR
21/09/2021,798.08,EUR
20/09/2021,775.37,EUR
19/09/2021,758.64,EUR
16/09/2021,773.2,EUR
15/09/2021,779.23,EUR
14/09/2021,791.38,EUR
13/09/2021,794.11,EUR
12/09/2021,803.23,EUR
09/09/2021,807.31,EUR
08/09/2021,815.09,EUR
07/09/2021,820.78,EUR
06/09/2021,836.15,EUR
02/09/2021,854.66,EUR
01/09/2021,838.42,EUR
31/08/2021,845.46,EUR
30/08/2021,848.94,EUR
26/08/2021,844.14,EUR
25/08/2021,829.65,EUR
24/08/2021,837.06,EUR
23/08/2021,844.6,EUR
22/08/2021,839.16,EUR
19/08/2021,820.06,EUR
18/08/2021,818.33,EUR
17/08/2021,833.57,EUR
16/08/2021,840.57,EUR
15/08/2021,853.94,EUR
12/08/2021,856.78,EUR
11/08/2021,843.55,EUR
10/08/2021,846.94,EUR
09/08/2021,838.48,EUR
08/08/2021,830.59,EUR
05/08/2021,847.04,EUR
04/08/2021,870.08,EUR
03/08/2021,874.96,EUR
02/08/2021,879.83,EUR
01/08/2021,885.71,EUR
29/07/2021,881.43,EUR
28/07/2021,888.97,EUR
27/07/2021,873.89,EUR
26/07/2021,869.52,EUR
25/07/2021,882.79,EUR
22/07/2021,880.16,EUR
21/07/2021,889.84,EUR
20/07/2021,882.58,EUR
19/07/2021,879.34,EUR
18/07/2021,877.81,EUR
15/07/2021,893.21,EUR
14/07/2021,911.51,EUR
12/07/2021,908.79,EUR
11/07/2021,912.61,EUR
08/07/2021,905.65,EUR
07/07/2021,898.19,EUR
06/07/2021,903.47,EUR
05/07/2021,899.22,EUR
01/07/2021,900.15,EUR
30/06/2021,893.31,EUR
29/06/2021,892.45,EUR
28/06/2021,881.74,EUR
27/06/2021,893.69,EUR
24/06/2021,889.05,EUR
23/06/2021,887.48,EUR
22/06/2021,887.15,EUR
21/06/2021,876.37,EUR
20/06/2021,875.29,EUR
17/06/2021,864.54,EUR
16/06/2021,870.33,EUR
15/06/2021,938.78,EUR
14/06/2021,933.14,EUR
13/06/2021,939.56,EUR
10/06/2021,942.28,EUR
09/06/2021,943.51,EUR
08/06/2021,943.84,EUR
07/06/2021,946,EUR
06/06/2021,953.2,EUR
03/06/2021,949.78,EUR
02/06/2021,941.97,EUR
01/06/2021,962.2,EUR
31/05/2021,961.46,EUR
27/05/2021,955.85,EUR
26/05/2021,952.2,EUR
25/05/2021,952.1,EUR
24/05/2021,954.65,EUR
20/05/2021,942.01,EUR
19/05/2021,959.81,EUR
18/05/2021,959.85,EUR
17/05/2021,964.77,EUR
16/05/2021,966.88,EUR
13/05/2021,951.11,EUR
11/05/2021,944.89,EUR
10/05/2021,958.41,EUR
09/05/2021,964.28,EUR
06/05/2021,958.3,EUR
05/05/2021,957.32,EUR
04/05/2021,941.33,EUR
03/05/2021,940.76,EUR
29/04/2021,928.51,EUR
28/04/2021,928.73,EUR
27/04/2021,931.2,EUR
26/04/2021,942.07,EUR
25/04/2021,937.23,EUR
22/04/2021,930.47,EUR
21/04/2021,927.21,EUR
20/04/2021,935.5,EUR
19/04/2021,916.11,EUR
18/04/2021,920.16,EUR
15/04/2021,921.74,EUR
14/04/2021,914.39,EUR
13/04/2021,897.58,EUR
12/04/2021,896.96,EUR
11/04/2021,891.1,EUR
08/04/2021,899.73,EUR
07/04/2021,907.73,EUR
06/04/2021,901.1,EUR
05/04/2021,907.45,EUR
31/03/2021,895.44,EUR
30/03/2021,884.79,EUR
29/03/2021,867.9,EUR
28/03/2021,878.96,EUR
25/03/2021,895.36,EUR
24/03/2021,885.49,EUR
23/03/2021,894.45,EUR
22/03/2021,890.38,EUR
21/03/2021,897.13,EUR
18/03/2021,906.66,EUR
17/03/2021,910.16,EUR
16/03/2021,895.12,EUR
15/03/2021,895.08,EUR
14/03/2021,886.16,EUR
11/03/2021,879.38,EUR
10/03/2021,880.83,EUR
09/03/2021,876.43,EUR
08/03/2021,871.76,EUR
07/03/2021,856.14,EUR
04/03/2021,857.65,EUR
03/03/2021,861.54,EUR
02/03/2021,879.12,EUR
01/03/2021,891.97,EUR
28/02/2021,883.45,EUR
25/02/2021,879.23,EUR
24/02/2021,912.2,EUR
23/02/2021,923.47,EUR
22/02/2021,913.8,EUR
21/02/2021,928.17,EUR
18/02/2021,916.29,EUR
17/02/2021,910.23,EUR
16/02/2021,910.67,EUR
15/02/2021,920.57,EUR
11/02/2021,921.66,EUR
10/02/2021,915.74,EUR
09/02/2021,919.33,EUR
08/02/2021,909.69,EUR
07/02/2021,908.48,EUR
04/02/2021,893.23,EUR
03/02/2021,875.31,EUR
02/02/2021,889.34,EUR
01/02/2021,878.53,EUR
31/01/2021,911.42,EUR
28/01/2021,879.82,EUR
27/01/2021,879.02,EUR
26/01/2021,876.93,EUR
25/01/2021,885,EUR
24/01/2021,886.64,EUR
21/01/2021,890.08,EUR
20/01/2021,897.5,EUR
19/01/2021,897.32,EUR
18/01/2021,882.36,EUR
14/01/2021,879.35,EUR
13/01/2021,898.45,EUR
12/01/2021,892.73,EUR
11/01/2021,880.91,EUR
10/01/2021,877.14,EUR
07/01/2021,873.27,EUR
06/01/2021,920.17,EUR
05/01/2021,916.62,EUR
04/01/2021,934.15,EUR
03/01/2021,914.12,EUR
30/12/2020,904.8,EUR
29/12/2020,899.54,EUR
28/12/2020,889.82,EUR
23/12/2020,883.18,EUR
22/12/2020,879.84,EUR
21/12/2020,873.17,EUR
20/12/2020,881.85,EUR
17/12/2020,889.81,EUR
16/12/2020,890.43,EUR
15/12/2020,874.31,EUR
14/12/2020,869.41,EUR
13/12/2020,856.44,EUR
10/12/2020,861.01,EUR
09/12/2020,861.13,EUR
08/12/2020,855.52,EUR
07/12/2020,873.57,EUR
06/12/2020,876.47,EUR
03/12/2020,872.38,EUR
02/12/2020,862.66,EUR
01/12/2020,862.58,EUR
30/11/2020,860.97,EUR
29/11/2020,834.47,EUR
26/11/2020,838.59,EUR
24/11/2020,843.86,EUR
23/11/2020,842.07,EUR
22/11/2020,845.23,EUR
19/11/2020,858.9,EUR
18/11/2020,853.22,EUR
17/11/2020,860.59,EUR
16/11/2020,859.29,EUR
15/11/2020,860.44,EUR
12/11/2020,852.81,EUR
11/11/2020,845.86,EUR
09/11/2020,858.64,EUR
08/11/2020,846.02,EUR
05/11/2020,883.51,EUR
04/11/2020,870.58,EUR
03/11/2020,841.47,EUR
02/11/2020,847.34,EUR
01/11/2020,833.23,EUR
29/10/2020,826.08,EUR
28/10/2020,820.94,EUR
27/10/2020,832.02,EUR
26/10/2020,856.71,EUR
25/10/2020,853.83,EUR
22/10/2020,863.9,EUR
21/10/2020,859.27,EUR
20/10/2020,871.79,EUR
19/10/2020,863.5,EUR
18/10/2020,853.52,EUR
15/10/2020,850.67,EUR
14/10/2020,850.02,EUR
13/10/2020,851.46,EUR
12/10/2020,847.82,EUR
08/10/2020,873.6,EUR
07/10/2020,848.78,EUR
06/10/2020,847.33,EUR
05/10/2020,851.93,EUR
04/10/2020,864.47,EUR
01/10/2020,851.93,EUR
30/09/2020,858.24,EUR
29/09/2020,849.92,EUR
28/09/2020,855.84,EUR
27/09/2020,840.55,EUR
24/09/2020,821.93,EUR
23/09/2020,824.02,EUR
22/09/2020,825.56,EUR
21/09/2020,843.14,EUR
20/09/2020,850.52,EUR
17/09/2020,898.95,EUR
16/09/2020,891.65,EUR
15/09/2020,912.57,EUR
14/09/2020,913.24,EUR
13/09/2020,900.13,EUR
10/09/2020,890.85,EUR
09/09/2020,896.91,EUR
08/09/2020,889.68,EUR
07/09/2020,883.48,EUR
03/09/2020,880.7,EUR
02/09/2020,879.05,EUR
01/09/2020,882.47,EUR
31/08/2020,910.28,EUR
27/08/2020,894.96,EUR
26/08/2020,878.13,EUR
25/08/2020,888.44,EUR
24/08/2020,872.67,EUR
23/08/2020,875.33,EUR
20/08/2020,879.01,EUR
19/08/2020,882.43,EUR
18/08/2020,892.66,EUR
17/08/2020,912.96,EUR
16/08/2020,906.75,EUR
13/08/2020,878.53,EUR
12/08/2020,904.33,EUR
11/08/2020,879.9,EUR
10/08/2020,882.83,EUR
09/08/2020,934.13,EUR
06/08/2020,906.14,EUR
05/08/2020,934.37,EUR
04/08/2020,911.74,EUR
03/08/2020,890.89,EUR
02/08/2020,866.21,EUR
30/07/2020,863.16,EUR
29/07/2020,851.4,EUR
28/07/2020,878.97,EUR
27/07/2020,890.01,EUR
26/07/2020,886.63,EUR
23/07/2020,860.99,EUR
22/07/2020,857.97,EUR
21/07/2020,853.08,EUR
20/07/2020,826.37,EUR
19/07/2020,792.65,EUR
16/07/2020,783.61,EUR
15/07/2020,774.75,EUR
14/07/2020,778.69,EUR
12/07/2020,785.55,EUR
09/07/2020,770.53,EUR
08/07/2020,767.77,EUR
07/07/2020,776.95,EUR
06/07/2020,767.76,EUR
05/07/2020,759.2,EUR
01/07/2020,753.35,EUR
30/06/2020,751.75,EUR
29/06/2020,764.32,EUR
28/06/2020,749.17,EUR
25/06/2020,745.07,EUR
24/06/2020,736.42,EUR
23/06/2020,740.39,EUR
22/06/2020,757.48,EUR
21/06/2020,751.68,EUR
18/06/2020,743,EUR
17/06/2020,733.77,EUR
16/06/2020,742.78,EUR
15/06/2020,744.4,EUR
14/06/2020,736.35,EUR
11/06/2020,738.77,EUR
10/06/2020,741.65,EUR
09/06/2020,743.6,EUR
08/06/2020,749.47,EUR
07/06/2020,753.22,EUR
04/06/2020,733.58,EUR
03/06/2020,748.73,EUR
02/06/2020,745.81,EUR
01/06/2020,756.51,EUR
28/05/2020,761.19,EUR
27/05/2020,749.58,EUR
26/05/2020,751.82,EUR
25/05/2020,750.43,EUR
21/05/2020,756.82,EUR
19/05/2020,783.69,EUR
18/05/2020,766.69,EUR
17/05/2020,753.72,EUR
14/05/2020,730.5,EUR
13/05/2020,706.81,EUR
12/05/2020,697.21,EUR
11/05/2020,701.18,EUR
10/05/2020,700.21,EUR
06/05/2020,703.95,EUR
05/05/2020,683.16,EUR
04/05/2020,690.75,EUR
03/05/2020,692.99,EUR
29/04/2020,707.33,EUR
28/04/2020,707.89,EUR
27/04/2020,705.55,EUR
26/04/2020,703.53,EUR
23/04/2020,712.52,EUR
22/04/2020,718.68,EUR
21/04/2020,704.59,EUR
20/04/2020,691.88,EUR
19/04/2020,725.89,EUR
16/04/2020,719.29,EUR
15/04/2020,728.3,EUR
14/04/2020,733.14,EUR
13/04/2020,749.51,EUR
08/04/2020,726.36,EUR
07/04/2020,702.58,EUR
06/04/2020,707.31,EUR
05/04/2020,701.97,EUR
02/04/2020,687.08,EUR
01/04/2020,690.98,EUR
31/03/2020,675.88,EUR
30/03/2020,691.25,EUR
29/03/2020,690.06,EUR
26/03/2020,699.45,EUR
25/03/2020,702.72,EUR
24/03/2020,703.63,EUR
23/03/2020,657.93,EUR
22/03/2020,602.39,EUR
19/03/2020,579.79,EUR
18/03/2020,570.38,EUR
17/03/2020,559.03,EUR
16/03/2020,592.19,EUR
15/03/2020,588.71,EUR
12/03/2020,623.09,EUR
11/03/2020,685.78,EUR
10/03/2020,740.12,EUR
09/03/2020,751.02,EUR
08/03/2020,759.28,EUR
05/03/2020,769.24,EUR
04/03/2020,766.13,EUR
03/03/2020,756.77,EUR
02/03/2020,755.57,EUR
01/03/2020,743.99,EUR
27/02/2020,741.61,EUR
26/02/2020,787.87,EUR
25/02/2020,788.56,EUR
24/02/2020,792.82,EUR
23/02/2020,804.23,EUR
20/02/2020,802.17,EUR
19/02/2020,793.69,EUR
18/02/2020,796.11,EUR
17/02/2020,786.52,EUR
13/02/2020,763.2,EUR
12/02/2020,764.23,EUR
11/02/2020,758.72,EUR
10/02/2020,756.44,EUR
09/02/2020,757.65,EUR
06/02/2020,753.35,EUR
05/02/2020,755.5,EUR
04/02/2020,761.69,EUR
03/02/2020,757.2,EUR
02/02/2020,756.43,EUR
30/01/2020,758.45,EUR
29/01/2020,760.88,EUR
28/01/2020,752.26,EUR
27/01/2020,753.88,EUR
26/01/2020,759.22,EUR
23/01/2020,771.88,EUR
22/01/2020,768.5,EUR
21/01/2020,769.66,EUR
20/01/2020,760.19,EUR
16/01/2020,765.29,EUR
15/01/2020,755.18,EUR
14/01/2020,759.17,EUR
13/01/2020,746.32,EUR
12/01/2020,745.48,EUR
09/01/2020,748.34,EUR
08/01/2020,742.74,EUR
07/01/2020,744.57,EUR
06/01/2020,746.57,EUR
05/01/2020,741.01,EUR
02/01/2020,739.15,EUR
01/01/2020,730.97,EUR
30/12/2019,726.52,EUR
29/12/2019,722.2,EUR
26/12/2019,720.43,EUR
23/12/2019,713.9,EUR
22/12/2019,707.21,EUR
19/12/2019,696.55,EUR
18/12/2019,707.33,EUR
17/12/2019,705.12,EUR
16/12/2019,706.47,EUR
15/12/2019,710.49,EUR
12/12/2019,703.83,EUR
11/12/2019,706,EUR
10/12/2019,702.56,EUR
09/12/2019,696.24,EUR
08/12/2019,690.39,EUR
05/12/2019,689.4,EUR
04/12/2019,696.75,EUR
03/12/2019,695.25,EUR
02/12/2019,698.75,EUR
01/12/2019,691.82,EUR
28/11/2019,692.65,EUR
26/11/2019,689.13,EUR
25/11/2019,692.08,EUR
24/11/2019,687.51,EUR
21/11/2019,686.12,EUR
20/11/2019,689.61,EUR
19/11/2019,693.06,EUR
18/11/2019,691.52,EUR
17/11/2019,684.55,EUR
14/11/2019,681.7,EUR
13/11/2019,682.97,EUR
12/11/2019,676.81,EUR
11/11/2019,672.12,EUR
07/11/2019,681.85,EUR
06/11/2019,693.1,EUR
05/11/2019,704.16,EUR
04/11/2019,700.93,EUR
03/11/2019,711.69,EUR
30/10/2019,711.89,EUR
29/10/2019,709.64,EUR
28/10/2019,704.39,EUR
27/10/2019,706.72,EUR
24/10/2019,708.17,EUR
23/10/2019,706.09,EUR
22/10/2019,699.45,EUR
21/10/2019,694.29,EUR
20/10/2019,694.39,EUR
17/10/2019,695.27,EUR
16/10/2019,696.92,EUR
15/10/2019,694.72,EUR
14/10/2019,689.1,EUR
10/10/2019,690.94,EUR
09/10/2019,695.27,EUR
08/10/2019,695.36,EUR
07/10/2019,691.59,EUR
06/10/2019,689.71,EUR
03/10/2019,691.38,EUR
02/10/2019,692.14,EUR
01/10/2019,694.32,EUR
30/09/2019,683.63,EUR
29/09/2019,680.34,EUR
26/09/2019,699.52,EUR
25/09/2019,703.34,EUR
24/09/2019,700.23,EUR
23/09/2019,716.99,EUR
22/09/2019,713.99,EUR
19/09/2019,702.26,EUR
18/09/2019,699.88,EUR
17/09/2019,697.82,EUR
16/09/2019,702.14,EUR
15/09/2019,699.66,EUR
12/09/2019,696.64,EUR
11/09/2019,703.37,EUR
10/09/2019,696.3,EUR
09/09/2019,694.99,EUR
08/09/2019,697.71,EUR
05/09/2019,699.8,EUR
04/09/2019,709.36,EUR
03/09/2019,723.43,EUR
02/09/2019,714.17,EUR
29/08/2019,699.26,EUR
28/08/2019,691.81,EUR
27/08/2019,692.29,EUR
26/08/2019,686.56,EUR
22/08/2019,673.97,EUR
21/08/2019,670.15,EUR
20/08/2019,669.75,EUR
19/08/2019,671.14,EUR
18/08/2019,667.98,EUR
15/08/2019,667.55,EUR
13/08/2019,666.49,EUR
12/08/2019,667.14,EUR
11/08/2019,667.02,EUR
08/08/2019,663.48,EUR
07/08/2019,663.71,EUR
06/08/2019,667.77,EUR
05/08/2019,655.38,EUR
04/08/2019,652.53,EUR
01/08/2019,646.57,EUR
31/07/2019,642.35,EUR
30/07/2019,659.65,EUR
29/07/2019,659.25,EUR
28/07/2019,662.31,EUR
25/07/2019,657.59,EUR
24/07/2019,658.2,EUR
23/07/2019,663.11,EUR
22/07/2019,656.66,EUR
21/07/2019,656.54,EUR
18/07/2019,652.77,EUR
17/07/2019,653.06,EUR
16/07/2019,652.68,EUR
15/07/2019,645.71,EUR
14/07/2019,647.17,EUR
11/07/2019,642.41,EUR
10/07/2019,641.58,EUR
09/07/2019,645.63,EUR
08/07/2019,636.36,EUR
07/07/2019,637.88,EUR
04/07/2019,636.55,EUR
02/07/2019,648.52,EUR
01/07/2019,642.73,EUR
30/06/2019,639.06,EUR
27/06/2019,644.63,EUR
26/06/2019,640.22,EUR
25/06/2019,641.13,EUR
24/06/2019,641.15,EUR
23/06/2019,641.74,EUR
20/06/2019,635.39,EUR
19/06/2019,634.06,EUR
18/06/2019,622.47,EUR
17/06/2019,620.79,EUR
16/06/2019,615.31,EUR
13/06/2019,617.64,EUR
12/06/2019,616.91,EUR
11/06/2019,611.77,EUR
10/06/2019,609.87,EUR
06/06/2019,610.59,EUR
05/06/2019,607.92,EUR
04/06/2019,603.23,EUR
03/06/2019,606.09,EUR
02/06/2019,603.57,EUR
30/05/2019,596.75,EUR
28/05/2019,591.97,EUR
27/05/2019,590.73,EUR
23/05/2019,593.7,EUR
22/05/2019,592.27,EUR
21/05/2019,590.37,EUR
20/05/2019,591.37,EUR
19/05/2019,593.95,EUR
16/05/2019,591.87,EUR
15/05/2019,598.78,EUR
14/05/2019,606.03,EUR
13/05/2019,607.68,EUR
12/05/2019,606.19,EUR
09/05/2019,608.67,EUR
08/05/2019,599.46,EUR
06/05/2019,608.01,EUR
02/05/2019,611.26,EUR
01/05/2019,602.06,EUR
29/04/2019,616.96,EUR
28/04/2019,615.23,EUR
25/04/2019,626.03,EUR
24/04/2019,617.62,EUR
23/04/2019,617.61,EUR
22/04/2019,613.39,EUR
17/04/2019,619.06,EUR
16/04/2019,615.39,EUR
15/04/2019,609.5,EUR
14/04/2019,614.65,EUR
11/04/2019,617.41,EUR
10/04/2019,614.15,EUR
09/04/2019,625.96,EUR
08/04/2019,623.27,EUR
07/04/2019,623.24,EUR
04/04/2019,619.34,EUR
03/04/2019,617.7,EUR
02/04/2019,617.9,EUR
01/04/2019,616.37,EUR
31/03/2019,616.17,EUR
28/03/2019,612.17,EUR
27/03/2019,605.83,EUR
26/03/2019,625.6,EUR
25/03/2019,636.4,EUR
24/03/2019,641.07,EUR
21/03/2019,634,EUR
20/03/2019,639.05,EUR
19/03/2019,637,EUR
18/03/2019,636.57,EUR
17/03/2019,631.36,EUR
14/03/2019,629.46,EUR
13/03/2019,625.8,EUR
12/03/2019,632.4,EUR
11/03/2019,627.1,EUR
10/03/2019,621.66,EUR
07/03/2019,621.99,EUR
06/03/2019,619.01,EUR
05/03/2019,621.77,EUR
04/03/2019,621.14,EUR
03/03/2019,623.49,EUR
28/02/2019,632.68,EUR
27/02/2019,640.38,EUR
26/02/2019,639.45,EUR
25/02/2019,644.42,EUR
24/02/2019,641.3,EUR
21/02/2019,638.32,EUR
20/02/2019,631.76,EUR
19/02/2019,641.11,EUR
18/02/2019,635.78,EUR
14/02/2019,623.47,EUR
13/02/2019,615.34,EUR
12/02/2019,615.77,EUR
11/02/2019,615.7,EUR
10/02/2019,613.22,EUR
07/02/2019,619.42,EUR
06/02/2019,615.86,EUR
05/02/2019,617.83,EUR
04/02/2019,619.73,EUR
03/02/2019,619.57,EUR
31/01/2019,619.36,EUR
30/01/2019,619.41,EUR
29/01/2019,616.91,EUR
28/01/2019,614.85,EUR
27/01/2019,611.63,EUR
24/01/2019,613.86,EUR
23/01/2019,601.58,EUR
22/01/2019,604.34,EUR
21/01/2019,602.8,EUR
17/01/2019,607.93,EUR
16/01/2019,613.66,EUR
15/01/2019,611.25,EUR
14/01/2019,604.84,EUR
13/01/2019,606.82,EUR
10/01/2019,608.42,EUR
09/01/2019,608.71,EUR
08/01/2019,609.77,EUR
07/01/2019,607.25,EUR
06/01/2019,606.53,EUR
03/01/2019,605.99,EUR
02/01/2019,599.71,EUR
01/01/2019,597.32,EUR
30/12/2018,595.48,EUR
27/12/2018,592.9,EUR
26/12/2018,593.55,EUR
23/12/2018,584.81,EUR
20/12/2018,580.71,EUR
19/12/2018,587.37,EUR
18/12/2018,586.22,EUR
17/12/2018,582.4,EUR
16/12/2018,583.09,EUR
13/12/2018,577.76,EUR
12/12/2018,584.52,EUR
11/12/2018,586.81,EUR
10/12/2018,579.41,EUR
09/12/2018,577.13,EUR
06/12/2018,581.01,EUR
05/12/2018,574.74,EUR
03/12/2018,582.59,EUR
02/12/2018,579.68,EUR
29/11/2018,571.3,EUR
28/11/2018,577.52,EUR
27/11/2018,578.76,EUR
26/11/2018,573.2,EUR
25/11/2018,577.79,EUR
22/11/2018,576.39,EUR
20/11/2018,582.32,EUR
19/11/2018,577.77,EUR
18/11/2018,582.81,EUR
15/11/2018,582.14,EUR
14/11/2018,577.65,EUR
13/11/2018,570.69,EUR
12/11/2018,567.62,EUR
08/11/2018,573.02,EUR
07/11/2018,582.44,EUR
06/11/2018,586.07,EUR
05/11/2018,581.16,EUR
04/11/2018,586.05,EUR
01/11/2018,586.23,EUR
30/10/2018,570.52,EUR
29/10/2018,571.73,EUR
28/10/2018,574.42,EUR
25/10/2018,578.42,EUR
24/10/2018,577.14,EUR
23/10/2018,580,EUR
22/10/2018,583.71,EUR
21/10/2018,576.37,EUR
18/10/2018,575.37,EUR
17/10/2018,574.06,EUR
16/10/2018,575.76,EUR
15/10/2018,578.33,EUR
14/10/2018,578.89,EUR
11/10/2018,573.92,EUR
10/10/2018,577.24,EUR
09/10/2018,565.38,EUR
08/10/2018,565.36,EUR
04/10/2018,568.74,EUR
03/10/2018,566.26,EUR
02/10/2018,569.67,EUR
01/10/2018,570.01,EUR
30/09/2018,565.68,EUR
27/09/2018,569.29,EUR
26/09/2018,562.98,EUR
25/09/2018,567.17,EUR
24/09/2018,567.53,EUR
23/09/2018,566.86,EUR
20/09/2018,565.83,EUR
19/09/2018,567.62,EUR
18/09/2018,563.55,EUR
17/09/2018,557.8,EUR
16/09/2018,553.38,EUR
13/09/2018,551,EUR
12/09/2018,553.57,EUR
11/09/2018,553.56,EUR
10/09/2018,549.06,EUR
09/09/2018,549.36,EUR
06/09/2018,548.54,EUR
05/09/2018,550.08,EUR
04/09/2018,548.83,EUR
03/09/2018,548.03,EUR
30/08/2018,554.1,EUR
29/08/2018,553.73,EUR
28/08/2018,556.5,EUR
27/08/2018,555.17,EUR
23/08/2018,552.25,EUR
22/08/2018,543.15,EUR
21/08/2018,549.58,EUR
20/08/2018,547.96,EUR
19/08/2018,545.4,EUR
16/08/2018,538.47,EUR
15/08/2018,539.92,EUR
13/08/2018,550.17,EUR
12/08/2018,547.88,EUR
09/08/2018,560.69,EUR
08/08/2018,562.44,EUR
07/08/2018,560.16,EUR
06/08/2018,561.73,EUR
05/08/2018,560.78,EUR
02/08/2018,564.77,EUR
01/08/2018,563.43,EUR
31/07/2018,563.22,EUR
30/07/2018,571.76,EUR
29/07/2018,568.02,EUR
26/07/2018,567.49,EUR
25/07/2018,570.49,EUR
24/07/2018,572.13,EUR
23/07/2018,567.39,EUR
22/07/2018,565.21,EUR
19/07/2018,565.2,EUR
18/07/2018,556.71,EUR
17/07/2018,565.17,EUR
16/07/2018,566.72,EUR
15/07/2018,571.85,EUR
12/07/2018,575.29,EUR
11/07/2018,581.91,EUR
10/07/2018,577.22,EUR
09/07/2018,582.91,EUR
08/07/2018,587.33,EUR
05/07/2018,584.62,EUR
04/07/2018,583.66,EUR
02/07/2018,582.57,EUR
01/07/2018,573.74,EUR
28/06/2018,587.41,EUR
27/06/2018,582.7,EUR
26/06/2018,587.83,EUR
25/06/2018,592.47,EUR
24/06/2018,591.52,EUR
21/06/2018,594.94,EUR
20/06/2018,592.61,EUR
19/06/2018,596.26,EUR
18/06/2018,596.24,EUR
17/06/2018,603.12,EUR
14/06/2018,603.71,EUR
13/06/2018,621.4,EUR
12/06/2018,617.06,EUR
11/06/2018,616.9,EUR
10/06/2018,618.96,EUR
07/06/2018,615.86,EUR
06/06/2018,616.2,EUR
05/06/2018,616.78,EUR
04/06/2018,611.18,EUR
03/06/2018,610.96,EUR
31/05/2018,612.27,EUR
30/05/2018,611.93,EUR
29/05/2018,611.89,EUR
28/05/2018,609.31,EUR
24/05/2018,611.59,EUR
23/05/2018,613.17,EUR
22/05/2018,607.07,EUR
21/05/2018,612.08,EUR
17/05/2018,604.47,EUR
16/05/2018,607.46,EUR
15/05/2018,607.34,EUR
14/05/2018,607.52,EUR
13/05/2018,619.56,EUR
10/05/2018,621.11,EUR
08/05/2018,614.97,EUR
03/05/2018,612.53,EUR
02/05/2018,610.96,EUR
01/05/2018,607.92,EUR
29/04/2018,612.12,EUR
26/04/2018,615.72,EUR
25/04/2018,616.61,EUR
24/04/2018,616.38,EUR
23/04/2018,623.52,EUR
22/04/2018,620.27,EUR
19/04/2018,635.18,EUR
18/04/2018,638.43,EUR
17/04/2018,641.28,EUR
16/04/2018,632.2,EUR
15/04/2018,630.29,EUR
12/04/2018,626.92,EUR
11/04/2018,621.76,EUR
10/04/2018,627.4,EUR
09/04/2018,622.03,EUR
08/04/2018,619.13,EUR
05/04/2018,608.94,EUR
04/04/2018,608.02,EUR
03/04/2018,612.17,EUR
02/04/2018,616.04,EUR
28/03/2018,615.91,EUR
27/03/2018,620.07,EUR
26/03/2018,628.32,EUR
25/03/2018,631.6,EUR
22/03/2018,630.33,EUR
21/03/2018,626.42,EUR
20/03/2018,626.5,EUR
19/03/2018,620.78,EUR
18/03/2018,625.8,EUR
15/03/2018,624.1,EUR
14/03/2018,626.24,EUR
13/03/2018,629.67,EUR
12/03/2018,632.43,EUR
11/03/2018,626.86,EUR
08/03/2018,630.85,EUR
07/03/2018,625.13,EUR
06/03/2018,625.35,EUR
05/03/2018,633.99,EUR
04/03/2018,627.16,EUR
01/03/2018,629.94,EUR
28/02/2018,622.55,EUR
27/02/2018,638.39,EUR
26/02/2018,637.2,EUR
25/02/2018,646.94,EUR
22/02/2018,643.78,EUR
21/02/2018,644.02,EUR
20/02/2018,642.44,EUR
19/02/2018,642.51,EUR
15/02/2018,651.58,EUR
14/02/2018,646.61,EUR
13/02/2018,646.2,EUR
12/02/2018,633.26,EUR
11/02/2018,631.93,EUR
08/02/2018,623.32,EUR
07/02/2018,627.7,EUR
06/02/2018,629.55,EUR
05/02/2018,639.22,EUR
04/02/2018,645.52,EUR
01/02/2018,648.15,EUR
31/01/2018,652.01,EUR
30/01/2018,651.29,EUR
29/01/2018,652.74,EUR
28/01/2018,659.66,EUR
25/01/2018,665.48,EUR
24/01/2018,672.38,EUR
23/01/2018,669.15,EUR
22/01/2018,657.13,EUR
21/01/2018,656.42,EUR
18/01/2018,661.04,EUR
17/01/2018,656.92,EUR
16/01/2018,663.42,EUR
15/01/2018,659.73,EUR
11/01/2018,660.05,EUR
10/01/2018,652.05,EUR
09/01/2018,650.57,EUR
08/01/2018,651.06,EUR
07/01/2018,653.68,EUR
04/01/2018,653.35,EUR
03/01/2018,654.02,EUR
02/01/2018,650.99,EUR
01/01/2018,648.54,EUR
28/12/2017,642.36,EUR
27/12/2017,637.85,EUR
26/12/2017,634.22,EUR
21/12/2017,625.93,EUR
20/12/2017,622.24,EUR
19/12/2017,622.37,EUR
18/12/2017,618.68,EUR
17/12/2017,618.41,EUR
14/12/2017,612.86,EUR
13/12/2017,612.2,EUR
12/12/2017,606.31,EUR
11/12/2017,603.31,EUR
10/12/2017,607.21,EUR
07/12/2017,606.33,EUR
06/12/2017,609.37,EUR
05/12/2017,612.04,EUR
04/12/2017,613.54,EUR
03/12/2017,621.44,EUR
30/11/2017,627.75,EUR
29/11/2017,626.07,EUR
28/11/2017,628.98,EUR
27/11/2017,637.42,EUR
26/11/2017,636,EUR
23/11/2017,632.84,EUR
21/11/2017,635.06,EUR
20/11/2017,630.82,EUR
19/11/2017,625.16,EUR
16/11/2017,638.4,EUR
15/11/2017,629.01,EUR
14/11/2017,627.74,EUR
13/11/2017,628.66,EUR
12/11/2017,629.52,EUR
09/11/2017,627.29,EUR
08/11/2017,633.15,EUR
07/11/2017,634.79,EUR
06/11/2017,627.21,EUR
05/11/2017,632,EUR
02/11/2017,624.54,EUR
01/11/2017,629.74,EUR
30/10/2017,621.82,EUR
29/10/2017,622.48,EUR
26/10/2017,619.11,EUR
25/10/2017,621.59,EUR
24/10/2017,623.49,EUR
23/10/2017,624.01,EUR
22/10/2017,624.07,EUR
19/10/2017,626.77,EUR
18/10/2017,627.37,EUR
17/10/2017,624,EUR
16/10/2017,629.51,EUR
15/10/2017,636.21,EUR
12/10/2017,639.01,EUR
11/10/2017,634,EUR
10/10/2017,628.46,EUR
09/10/2017,626.86,EUR
05/10/2017,615.71,EUR
04/10/2017,616.75,EUR
03/10/2017,614.47,EUR
02/10/2017,614.04,EUR
01/10/2017,613.67,EUR
28/09/2017,619.05,EUR
27/09/2017,621.28,EUR
26/09/2017,620.67,EUR
25/09/2017,622.48,EUR
24/09/2017,627.81,EUR
21/09/2017,624.46,EUR
20/09/2017,624.12,EUR
19/09/2017,631.04,EUR
18/09/2017,629.56,EUR
17/09/2017,633.75,EUR
14/09/2017,640.8,EUR
13/09/2017,642.38,EUR
12/09/2017,645.9,EUR
11/09/2017,648.85,EUR
10/09/2017,649.51,EUR
07/09/2017,655.88,EUR
06/09/2017,658.86,EUR
05/09/2017,651.54,EUR
04/09/2017,656.59,EUR
31/08/2017,656.06,EUR
30/08/2017,644.86,EUR
29/08/2017,642.32,EUR
28/08/2017,646.3,EUR
24/08/2017,633.99,EUR
23/08/2017,633.45,EUR
22/08/2017,633.81,EUR
21/08/2017,632.51,EUR
20/08/2017,635.35,EUR
17/08/2017,632.31,EUR
16/08/2017,632.7,EUR
15/08/2017,626.87,EUR
13/08/2017,628.2,EUR
10/08/2017,630.17,EUR
09/08/2017,629.22,EUR
08/08/2017,623.65,EUR
07/08/2017,617.76,EUR
06/08/2017,614.78,EUR
03/08/2017,612.99,EUR
02/08/2017,617.95,EUR
01/08/2017,619.54,EUR
31/07/2017,619.65,EUR
30/07/2017,616.48,EUR
27/07/2017,614.92,EUR
26/07/2017,610.62,EUR
25/07/2017,605.29,EUR
24/07/2017,606.8,EUR
23/07/2017,605.4,EUR
20/07/2017,605.66,EUR
19/07/2017,603.19,EUR
18/07/2017,602.75,EUR
17/07/2017,604.15,EUR
16/07/2017,601.64,EUR
12/07/2017,590.96,EUR
11/07/2017,595.5,EUR
10/07/2017,588.76,EUR
09/07/2017,586.66,EUR
06/07/2017,583.93,EUR
05/07/2017,591.7,EUR
04/07/2017,590.9,EUR
02/07/2017,592.77,EUR
29/06/2017,603.03,EUR
28/06/2017,604.87,EUR
27/06/2017,607.94,EUR
26/06/2017,606.62,EUR
25/06/2017,606.87,EUR
22/06/2017,610.09,EUR
21/06/2017,610.88,EUR
20/06/2017,608.78,EUR
19/06/2017,606.63,EUR
18/06/2017,606.96,EUR
15/06/2017,611.5,EUR
14/06/2017,609.81,EUR
13/06/2017,620.56,EUR
12/06/2017,613.25,EUR
11/06/2017,618.48,EUR
08/06/2017,619.36,EUR
07/06/2017,620.48,EUR
06/06/2017,622.9,EUR
05/06/2017,629.63,EUR
01/06/2017,621.73,EUR
31/05/2017,613.14,EUR
30/05/2017,616.84,EUR
29/05/2017,611.96,EUR
25/05/2017,612.65,EUR
23/05/2017,602.27,EUR
22/05/2017,604.93,EUR
21/05/2017,604.23,EUR
18/05/2017,598.94,EUR
17/05/2017,598.22,EUR
16/05/2017,604.26,EUR
15/05/2017,600.36,EUR
14/05/2017,597.81,EUR
11/05/2017,595.48,EUR
10/05/2017,593.18,EUR
09/05/2017,590.87,EUR
08/05/2017,587.21,EUR
04/05/2017,595.19,EUR
03/05/2017,593.5,EUR
02/05/2017,598.22,EUR
01/05/2017,607.15,EUR
27/04/2017,617.7,EUR
26/04/2017,615.69,EUR
25/04/2017,614.84,EUR
24/04/2017,616.95,EUR
23/04/2017,620.95,EUR
20/04/2017,624.67,EUR
19/04/2017,627.43,EUR
18/04/2017,622.38,EUR
17/04/2017,625.44,EUR
12/04/2017,630.27,EUR
11/04/2017,625.72,EUR
10/04/2017,626.06,EUR
09/04/2017,613.88,EUR
06/04/2017,621.61,EUR
05/04/2017,621.15,EUR
04/04/2017,620.58,EUR
03/04/2017,623.94,EUR
02/04/2017,620.82,EUR
30/03/2017,619.27,EUR
29/03/2017,618.71,EUR
28/03/2017,619.55,EUR
27/03/2017,620.95,EUR
26/03/2017,621.83,EUR
23/03/2017,620.89,EUR
22/03/2017,616.89,EUR
21/03/2017,615.29,EUR
20/03/2017,615.7,EUR
19/03/2017,611.58,EUR
16/03/2017,608.59,EUR
15/03/2017,605.36,EUR
14/03/2017,591.4,EUR
13/03/2017,591.43,EUR
12/03/2017,594.4,EUR
09/03/2017,591.88,EUR
08/03/2017,593.43,EUR
07/03/2017,601.78,EUR
06/03/2017,607.09,EUR
05/03/2017,612.49,EUR
02/03/2017,613.7,EUR
01/03/2017,614.75,EUR
28/02/2017,628.59,EUR
27/02/2017,629.55,EUR
26/02/2017,633.38,EUR
23/02/2017,629.99,EUR
22/02/2017,625.26,EUR
21/02/2017,618.88,EUR
20/02/2017,622.42,EUR
16/02/2017,622.9,EUR
15/02/2017,627.31,EUR
14/02/2017,623.05,EUR
13/02/2017,619.27,EUR
12/02/2017,617.66,EUR
09/02/2017,623.3,EUR
08/02/2017,621.67,EUR
07/02/2017,621.13,EUR
06/02/2017,619.16,EUR
05/02/2017,619.8,EUR
02/02/2017,610.99,EUR
01/02/2017,611.18,EUR
31/01/2017,609.96,EUR
30/01/2017,609.4,EUR
29/01/2017,600.74,EUR
26/01/2017,598.56,EUR
25/01/2017,594.12,EUR
24/01/2017,598.61,EUR
23/01/2017,615.69,EUR
22/01/2017,608.98,EUR
19/01/2017,608.18,EUR
18/01/2017,598.65,EUR
17/01/2017,604.7,EUR
16/01/2017,605.77,EUR
12/01/2017,599.79,EUR
11/01/2017,603.44,EUR
10/01/2017,600.01,EUR
09/01/2017,600.82,EUR
08/01/2017,598.16,EUR
05/01/2017,593.55,EUR
04/01/2017,593.2,EUR
03/01/2017,586.11,EUR
02/01/2017,579.24,EUR
29/12/2016,564.6,EUR
28/12/2016,565.68,EUR
27/12/2016,559.78,EUR
22/12/2016,553.53,EUR
21/12/2016,555.96,EUR
20/12/2016,558.81,EUR
19/12/2016,563.14,EUR
18/12/2016,565.12,EUR
15/12/2016,570.53,EUR
14/12/2016,563.35,EUR
13/12/2016,590.13,EUR
12/12/2016,586.69,EUR
11/12/2016,588.59,EUR
08/12/2016,585.19,EUR
07/12/2016,592.64,EUR
06/12/2016,593.76,EUR
05/12/2016,588.33,EUR
04/12/2016,592.54,EUR
01/12/2016,591.56,EUR
30/11/2016,585.79,EUR
29/11/2016,589.64,EUR
28/11/2016,595.08,EUR
27/11/2016,594.26,EUR
24/11/2016,586.6,EUR
22/11/2016,590.52,EUR
21/11/2016,599.05,EUR
20/11/2016,594.04,EUR
17/11/2016,593.02,EUR
16/11/2016,599.01,EUR
15/11/2016,599.82,EUR
14/11/2016,596.84,EUR
13/11/2016,593.68,EUR
09/11/2016,621.61,EUR
08/11/2016,620.45,EUR
07/11/2016,618.09,EUR
06/11/2016,614.89,EUR
03/11/2016,614.81,EUR
02/11/2016,612.14,EUR
01/11/2016,619.37,EUR
30/10/2016,600.81,EUR
27/10/2016,601.59,EUR
26/10/2016,596.47,EUR
25/10/2016,597.36,EUR
24/10/2016,602.57,EUR
23/10/2016,595.39,EUR
20/10/2016,592.51,EUR
19/10/2016,595.73,EUR
18/10/2016,598.62,EUR
17/10/2016,598.42,EUR
16/10/2016,594.51,EUR
13/10/2016,596.67,EUR
12/10/2016,594.07,EUR
11/10/2016,597.33,EUR
10/10/2016,598.63,EUR
06/10/2016,602.56,EUR
05/10/2016,602.79,EUR
04/10/2016,611.29,EUR
03/10/2016,618.35,EUR
02/10/2016,638.73,EUR
29/09/2016,647.29,EUR
28/09/2016,648.73,EUR
27/09/2016,645.58,EUR
26/09/2016,644.85,EUR
25/09/2016,651.68,EUR
22/09/2016,656.67,EUR
21/09/2016,658.8,EUR
20/09/2016,649.04,EUR
19/09/2016,640.97,EUR
18/09/2016,640.61,EUR
15/09/2016,632.85,EUR
14/09/2016,634.43,EUR
13/09/2016,636.97,EUR
12/09/2016,635.27,EUR
11/09/2016,636.81,EUR
08/09/2016,648.74,EUR
07/09/2016,656.11,EUR
06/09/2016,659.79,EUR
05/09/2016,666.38,EUR
01/09/2016,645.81,EUR
31/08/2016,637.04,EUR
30/08/2016,636.65,EUR
29/08/2016,639.39,EUR
25/08/2016,647.44,EUR
24/08/2016,644.98,EUR
23/08/2016,646.52,EUR
22/08/2016,659.35,EUR
21/08/2016,656.51,EUR
18/08/2016,665.01,EUR
17/08/2016,672.63,EUR
16/08/2016,663.78,EUR
15/08/2016,670.75,EUR
11/08/2016,665.05,EUR
10/08/2016,672.11,EUR
09/08/2016,683.56,EUR
08/08/2016,671.11,EUR
07/08/2016,669.07,EUR
04/08/2016,669.97,EUR
03/08/2016,682.23,EUR
02/08/2016,684.12,EUR
01/08/2016,688.31,EUR
31/07/2016,683.16,EUR
28/07/2016,678.96,EUR
27/07/2016,671.36,EUR
26/07/2016,668.53,EUR
25/07/2016,659.38,EUR
24/07/2016,656.82,EUR
21/07/2016,657.49,EUR
20/07/2016,662.1,EUR
19/07/2016,654.58,EUR
18/07/2016,656.46,EUR
17/07/2016,654.58,EUR
14/07/2016,654.36,EUR
12/07/2016,659.11,EUR
11/07/2016,652.43,EUR
10/07/2016,657.69,EUR
07/07/2016,653.82,EUR
06/07/2016,651.01,EUR
05/07/2016,652.82,EUR
04/07/2016,646.44,EUR
30/06/2016,639.12,EUR
29/06/2016,623.25,EUR
28/06/2016,619.95,EUR
27/06/2016,606.01,EUR
26/06/2016,603.63,EUR
23/06/2016,602.12,EUR
22/06/2016,590.35,EUR
21/06/2016,592.66,EUR
20/06/2016,590.49,EUR
19/06/2016,595.27,EUR
16/06/2016,588.09,EUR
15/06/2016,592.84,EUR
14/06/2016,589.42,EUR
13/06/2016,589.21,EUR
12/06/2016,594.46,EUR
09/06/2016,591.75,EUR
08/06/2016,595.26,EUR
07/06/2016,592.56,EUR
06/06/2016,582.07,EUR
05/06/2016,583.26,EUR
02/06/2016,578.51,EUR
01/06/2016,565.02,EUR
31/05/2016,568.83,EUR
30/05/2016,571.04,EUR
26/05/2016,571.43,EUR
25/05/2016,575.76,EUR
24/05/2016,572.84,EUR
23/05/2016,576.71,EUR
22/05/2016,585.81,EUR
19/05/2016,590.16,EUR
18/05/2016,588.86,EUR
17/05/2016,605.31,EUR
16/05/2016,609.21,EUR
12/05/2016,609.09,EUR
11/05/2016,609.79,EUR
10/05/2016,616.14,EUR
09/05/2016,607.19,EUR
08/05/2016,605.45,EUR
05/05/2016,623.17,EUR
03/05/2016,612.22,EUR
02/05/2016,621.38,EUR
28/04/2016,628.42,EUR
27/04/2016,618.48,EUR
26/04/2016,607.64,EUR
25/04/2016,603.4,EUR
24/04/2016,602.16,EUR
21/04/2016,598.88,EUR
20/04/2016,607.31,EUR
19/04/2016,605.15,EUR
18/04/2016,599.18,EUR
17/04/2016,582.81,EUR
14/04/2016,584.83,EUR
13/04/2016,581.19,EUR
12/04/2016,583.2,EUR
11/04/2016,584.57,EUR
10/04/2016,581.43,EUR
07/04/2016,570.34,EUR
06/04/2016,564.81,EUR
05/04/2016,561.4,EUR
04/04/2016,565,EUR
03/04/2016,562.81,EUR
31/03/2016,567.66,EUR
30/03/2016,576.5,EUR
29/03/2016,572.46,EUR
28/03/2016,575.66,EUR
23/03/2016,571.33,EUR
22/03/2016,575.51,EUR
21/03/2016,593.86,EUR
20/03/2016,590.35,EUR
17/03/2016,587.71,EUR
16/03/2016,595.29,EUR
15/03/2016,575.23,EUR
14/03/2016,574.49,EUR
13/03/2016,580.16,EUR
10/03/2016,585.45,EUR
09/03/2016,587.02,EUR
08/03/2016,581.99,EUR
07/03/2016,584.13,EUR
06/03/2016,590.04,EUR
03/03/2016,586.6,EUR
02/03/2016,570.22,EUR
01/03/2016,559.68,EUR
29/02/2016,556.27,EUR
28/02/2016,552.77,EUR
25/02/2016,543.44,EUR
24/02/2016,552.02,EUR
23/02/2016,556.12,EUR
22/02/2016,555.97,EUR
21/02/2016,551.26,EUR
18/02/2016,558.56,EUR
17/02/2016,559.59,EUR
16/02/2016,559.67,EUR
15/02/2016,555.89,EUR
11/02/2016,571.37,EUR
10/02/2016,572.9,EUR
09/02/2016,556.62,EUR
08/02/2016,557.5,EUR
07/02/2016,556.19,EUR
04/02/2016,537.04,EUR
03/02/2016,541.62,EUR
02/02/2016,534.69,EUR
01/02/2016,520.57,EUR
31/01/2016,525.41,EUR
28/01/2016,522.47,EUR
27/01/2016,520.09,EUR
26/01/2016,525.89,EUR
25/01/2016,524.68,EUR
24/01/2016,517.47,EUR
21/01/2016,512.46,EUR
20/01/2016,511.29,EUR
19/01/2016,510.97,EUR
18/01/2016,510.91,EUR
14/01/2016,507.09,EUR
13/01/2016,504.88,EUR
12/01/2016,511.43,EUR
11/01/2016,502.66,EUR
10/01/2016,507.47,EUR
07/01/2016,516.57,EUR
06/01/2016,521.22,EUR
05/01/2016,517.94,EUR
04/01/2016,523.63,EUR
03/01/2016,523.07,EUR
30/12/2015,524.74,EUR
29/12/2015,519.81,EUR
28/12/2015,525.89,EUR
27/12/2015,523.55,EUR
23/12/2015,530.6,EUR
22/12/2015,525.32,EUR
21/12/2015,527.52,EUR
20/12/2015,529.5,EUR
17/12/2015,523.59,EUR
16/12/2015,515.42,EUR
15/12/2015,531.63,EUR
14/12/2015,521.6,EUR
13/12/2015,516.97,EUR
10/12/2015,519.13,EUR
09/12/2015,521.27,EUR
08/12/2015,526.03,EUR
07/12/2015,521.98,EUR
06/12/2015,527.26,EUR
03/12/2015,534.93,EUR
02/12/2015,517.27,EUR
01/12/2015,511.43,EUR
30/11/2015,516.87,EUR
29/11/2015,517.71,EUR
26/11/2015,517.73,EUR
24/11/2015,522.51,EUR
23/11/2015,521.04,EUR
22/11/2015,519.53,EUR
19/11/2015,526.44,EUR
18/11/2015,524.41,EUR
17/11/2015,518.61,EUR
16/11/2015,523.13,EUR
15/11/2015,528.65,EUR
12/11/2015,525.37,EUR
11/11/2015,531.31,EUR
09/11/2015,544.37,EUR
08/11/2015,546.53,EUR
05/11/2015,554.99,EUR
04/11/2015,560.76,EUR
03/11/2015,565.19,EUR
02/11/2015,572.98,EUR
01/11/2015,581.73,EUR
29/10/2015,590.42,EUR
28/10/2015,590.76,EUR
27/10/2015,607.49,EUR
26/10/2015,597.86,EUR
25/10/2015,600.29,EUR
22/10/2015,601.46,EUR
21/10/2015,602.09,EUR
20/10/2015,598.95,EUR
19/10/2015,607.78,EUR
18/10/2015,604.41,EUR
15/10/2015,611.9,EUR
14/10/2015,612.05,EUR
13/10/2015,608.02,EUR
12/10/2015,600.5,EUR
11/10/2015,602.12,EUR
08/10/2015,600.76,EUR
07/10/2015,593.99,EUR
06/10/2015,595.53,EUR
05/10/2015,594.15,EUR
04/10/2015,584.22,EUR
01/10/2015,581.58,EUR
30/09/2015,567.49,EUR
29/09/2015,563.21,EUR
28/09/2015,568.27,EUR
27/09/2015,568.42,EUR
24/09/2015,582.3,EUR
23/09/2015,582.44,EUR
22/09/2015,570.76,EUR
21/09/2015,563.24,EUR
20/09/2015,574.01,EUR
17/09/2015,574.89,EUR
16/09/2015,565.4,EUR
15/09/2015,568.33,EUR
14/09/2015,556.51,EUR
13/09/2015,554.97,EUR
10/09/2015,557.21,EUR
09/09/2015,561.73,EUR
08/09/2015,556.93,EUR
07/09/2015,566.25,EUR
03/09/2015,561.65,EUR
02/09/2015,566.48,EUR
01/09/2015,568.7,EUR
31/08/2015,568.01,EUR
27/08/2015,570.17,EUR
26/08/2015,560.74,EUR
25/08/2015,546.47,EUR
24/08/2015,555.31,EUR
23/08/2015,568.75,EUR
20/08/2015,584.18,EUR
19/08/2015,589.31,EUR
18/08/2015,576.71,EUR
17/08/2015,566.87,EUR
16/08/2015,575.37,EUR
13/08/2015,573.63,EUR
12/08/2015,575.46,EUR
11/08/2015,579.68,EUR
10/08/2015,569.69,EUR
09/08/2015,570.17,EUR
06/08/2015,559.55,EUR
05/08/2015,557.49,EUR
04/08/2015,553.74,EUR
03/08/2015,556.78,EUR
02/08/2015,558.2,EUR
30/07/2015,564.89,EUR
29/07/2015,565.73,EUR
28/07/2015,565.46,EUR
27/07/2015,566.64,EUR
26/07/2015,565.07,EUR
23/07/2015,562.98,EUR
22/07/2015,565.59,EUR
21/07/2015,566.92,EUR
20/07/2015,570.72,EUR
19/07/2015,568.37,EUR
16/07/2015,576.68,EUR
15/07/2015,584.05,EUR
14/07/2015,588.61,EUR
12/07/2015,598.38,EUR
09/07/2015,597.02,EUR
08/07/2015,592.76,EUR
07/07/2015,596.58,EUR
06/07/2015,593.44,EUR
05/07/2015,611.53,EUR
01/07/2015,613.66,EUR
30/06/2015,616.69,EUR
29/06/2015,610.77,EUR
28/06/2015,612.26,EUR
25/06/2015,613.97,EUR
24/06/2015,614.83,EUR
23/06/2015,617.47,EUR
22/06/2015,616.52,EUR
21/06/2015,620.49,EUR
18/06/2015,629.15,EUR
17/06/2015,631.16,EUR
16/06/2015,623.76,EUR
15/06/2015,627.82,EUR
14/06/2015,631.13,EUR
11/06/2015,629.56,EUR
10/06/2015,632.82,EUR
09/06/2015,635.43,EUR
08/06/2015,632.23,EUR
07/06/2015,631.29,EUR
04/06/2015,630.68,EUR
03/06/2015,634.81,EUR
02/06/2015,640.91,EUR
01/06/2015,648.25,EUR
31/05/2015,645.89,EUR
28/05/2015,648.12,EUR
27/05/2015,649.74,EUR
26/05/2015,649.47,EUR
25/05/2015,650.43,EUR
21/05/2015,660.33,EUR
20/05/2015,660.11,EUR
19/05/2015,661.61,EUR
18/05/2015,659.85,EUR
17/05/2015,676.25,EUR
14/05/2015,673.74,EUR
12/05/2015,666.4,EUR
11/05/2015,652.71,EUR
10/05/2015,647.65,EUR
06/05/2015,648.91,EUR
05/05/2015,654.93,EUR
04/05/2015,657.24,EUR
29/04/2015,647.39,EUR
28/04/2015,661.49,EUR
27/04/2015,660.73,EUR
26/04/2015,656.67,EUR
23/04/2015,638.85,EUR
22/04/2015,646.08,EUR
21/04/2015,641.06,EUR
20/04/2015,652.16,EUR
19/04/2015,648.47,EUR
16/04/2015,657.51,EUR
15/04/2015,655.45,EUR
14/04/2015,653.54,EUR
13/04/2015,649.64,EUR
12/04/2015,653.68,EUR
09/04/2015,658.44,EUR
08/04/2015,650.46,EUR
07/04/2015,654.62,EUR
06/04/2015,662.69,EUR
01/04/2015,653.59,EUR
31/03/2015,659.54,EUR
30/03/2015,645.83,EUR
29/03/2015,642.56,EUR
26/03/2015,654.01,EUR
25/03/2015,663.15,EUR
24/03/2015,658.17,EUR
23/03/2015,656.03,EUR
22/03/2015,656.17,EUR
19/03/2015,656.75,EUR
18/03/2015,642.54,EUR
17/03/2015,630.62,EUR
16/03/2015,630.08,EUR
15/03/2015,636.22,EUR
12/03/2015,637.45,EUR
11/03/2015,637.28,EUR
10/03/2015,636.22,EUR
09/03/2015,644.83,EUR
08/03/2015,652.86,EUR
05/03/2015,653.18,EUR
04/03/2015,666.66,EUR
03/03/2015,668.79,EUR
02/03/2015,671.85,EUR
01/03/2015,673.94,EUR
26/02/2015,673.46,EUR
25/02/2015,670.6,EUR
24/02/2015,666.71,EUR
23/02/2015,659.99,EUR
22/02/2015,660.64,EUR
19/02/2015,661.34,EUR
18/02/2015,664.52,EUR
17/02/2015,659.62,EUR
16/02/2015,664.62,EUR
12/02/2015,681.71,EUR
11/02/2015,671.7,EUR
10/02/2015,669.38,EUR
09/02/2015,674.1,EUR
08/02/2015,681.75,EUR
05/02/2015,677.7,EUR
04/02/2015,693.68,EUR
03/02/2015,693.44,EUR
02/02/2015,690.81,EUR
01/02/2015,693.1,EUR
29/01/2015,691.52,EUR
28/01/2015,680.57,EUR
27/01/2015,707.21,EUR
26/01/2015,706.08,EUR
25/01/2015,701.95,EUR
22/01/2015,707.38,EUR
21/01/2015,711.09,EUR
20/01/2015,706.56,EUR
19/01/2015,707.92,EUR
15/01/2015,696.25,EUR
14/01/2015,689.82,EUR
13/01/2015,682.47,EUR
12/01/2015,691.18,EUR
11/01/2015,684.66,EUR
08/01/2015,676.36,EUR
07/01/2015,672.47,EUR
06/01/2015,673.96,EUR
05/01/2015,678.07,EUR
04/01/2015,668.82,EUR
01/01/2015,660.81,EUR
30/12/2014,660.21,EUR
29/12/2014,671.69,EUR
28/12/2014,662.92,EUR
23/12/2014,658.78,EUR
22/12/2014,661.37,EUR
21/12/2014,660.1,EUR
18/12/2014,666.58,EUR
17/12/2014,663.26,EUR
16/12/2014,661.18,EUR
15/12/2014,660.13,EUR
14/12/2014,675.14,EUR
11/12/2014,686.91,EUR
10/12/2014,689.79,EUR
09/12/2014,691.62,EUR
08/12/2014,690.5,EUR
07/12/2014,671.35,EUR
04/12/2014,670.08,EUR
03/12/2014,679.47,EUR
02/12/2014,675.38,EUR
01/12/2014,673.81,EUR
30/11/2014,683.37,EUR
27/11/2014,661.85,EUR
25/11/2014,675.66,EUR
24/11/2014,674.35,EUR
23/11/2014,669.75,EUR
20/11/2014,673.55,EUR
19/11/2014,662.18,EUR
18/11/2014,663.95,EUR
17/11/2014,665.4,EUR
16/11/2014,659.91,EUR
13/11/2014,664.41,EUR
12/11/2014,651.79,EUR
11/11/2014,652.51,EUR
09/11/2014,652.06,EUR
06/11/2014,656.33,EUR
05/11/2014,642.72,EUR
04/11/2014,646.13,EUR
03/11/2014,662.67,EUR
02/11/2014,669.69,EUR
30/10/2014,666.24,EUR
29/10/2014,673.84,EUR
28/10/2014,692.99,EUR
27/10/2014,691.98,EUR
26/10/2014,688.96,EUR
23/10/2014,688.19,EUR
22/10/2014,687.65,EUR
21/10/2014,693.01,EUR
20/10/2014,698.22,EUR
19/10/2014,690.8,EUR
16/10/2014,687.81,EUR
15/10/2014,686,EUR
14/10/2014,691.49,EUR
13/10/2014,695.79,EUR
12/10/2014,691.5,EUR
09/10/2014,689.43,EUR
08/10/2014,695.95,EUR
07/10/2014,686.95,EUR
06/10/2014,687.48,EUR
05/10/2014,681.03,EUR
02/10/2014,670.26,EUR
01/10/2014,684.4,EUR
30/09/2014,691.41,EUR
29/09/2014,688.36,EUR
28/09/2014,697.88,EUR
25/09/2014,695.03,EUR
24/09/2014,700.7,EUR
23/09/2014,706.14,EUR
22/09/2014,708.07,EUR
21/09/2014,704.7,EUR
18/09/2014,707.66,EUR
17/09/2014,720.35,EUR
16/09/2014,726.86,EUR
15/09/2014,728.47,EUR
14/09/2014,725.56,EUR
11/09/2014,725.39,EUR
10/09/2014,726.48,EUR
09/09/2014,734.59,EUR
08/09/2014,737.89,EUR
07/09/2014,745.43,EUR
04/09/2014,752.46,EUR
03/09/2014,751.79,EUR
02/09/2014,750.83,EUR
01/09/2014,750.32,EUR
28/08/2014,764.66,EUR
27/08/2014,764.32,EUR
26/08/2014,760.53,EUR
25/08/2014,759.98,EUR
21/08/2014,758.76,EUR
20/08/2014,756.64,EUR
19/08/2014,760.61,EUR
18/08/2014,763.62,EUR
17/08/2014,769.35,EUR
13/08/2014,776.23,EUR
12/08/2014,774.76,EUR
11/08/2014,774.08,EUR
10/08/2014,774.96,EUR
07/08/2014,771.99,EUR
06/08/2014,772.27,EUR
05/08/2014,768.47,EUR
04/08/2014,760.79,EUR
03/08/2014,767.24,EUR
31/07/2014,771.12,EUR
30/07/2014,770.74,EUR
29/07/2014,778.4,EUR
28/07/2014,779.07,EUR
27/07/2014,781.28,EUR
24/07/2014,780.34,EUR
23/07/2014,773.64,EUR
22/07/2014,783.32,EUR
21/07/2014,784.08,EUR
20/07/2014,786.81,EUR
17/07/2014,785.38,EUR
16/07/2014,791.22,EUR
15/07/2014,781.08,EUR
14/07/2014,779.77,EUR
10/07/2014,797.65,EUR
09/07/2014,798.47,EUR
08/07/2014,790.5,EUR
07/07/2014,787.23,EUR
06/07/2014,786.49,EUR
02/07/2014,788.39,EUR
01/07/2014,791.5,EUR
30/06/2014,788.97,EUR
29/06/2014,781.78,EUR
26/06/2014,781.73,EUR
25/06/2014,778.98,EUR
24/06/2014,780.13,EUR
23/06/2014,778.63,EUR
22/06/2014,773.75,EUR
19/06/2014,773.7,EUR
18/06/2014,775.91,EUR
17/06/2014,754.38,EUR
16/06/2014,751.93,EUR
15/06/2014,750.67,EUR
12/06/2014,750.21,EUR
11/06/2014,751.21,EUR
10/06/2014,757.27,EUR
09/06/2014,756.13,EUR
05/06/2014,747.97,EUR
04/06/2014,747.16,EUR
03/06/2014,741.15,EUR
02/06/2014,740.87,EUR
01/06/2014,740.18,EUR
29/05/2014,742.67,EUR
27/05/2014,750.76,EUR
26/05/2014,750.39,EUR
22/05/2014,760.3,EUR
21/05/2014,765,EUR
20/05/2014,758.97,EUR
19/05/2014,759.34,EUR
18/05/2014,757.04,EUR
15/05/2014,756.32,EUR
14/05/2014,757.5,EUR
13/05/2014,767.45,EUR
12/05/2014,757.88,EUR
11/05/2014,754.86,EUR
08/05/2014,746.77,EUR
06/05/2014,748.87,EUR
05/05/2014,762.31,EUR
01/05/2014,757.36,EUR
29/04/2014,751.42,EUR
28/04/2014,753.98,EUR
27/04/2014,752.52,EUR
24/04/2014,756.38,EUR
23/04/2014,750.82,EUR
22/04/2014,743.72,EUR
21/04/2014,741.51,EUR
16/04/2014,754.16,EUR
15/04/2014,756.59,EUR
14/04/2014,754.24,EUR
13/04/2014,769.89,EUR
10/04/2014,766.19,EUR
09/04/2014,764.51,EUR
08/04/2014,754.6,EUR
07/04/2014,756.52,EUR
06/04/2014,749.98,EUR
03/04/2014,758.66,EUR
02/04/2014,752.54,EUR
01/04/2014,754.87,EUR
31/03/2014,747.54,EUR
30/03/2014,746.95,EUR
27/03/2014,747.39,EUR
26/03/2014,743.19,EUR
25/03/2014,750.85,EUR
24/03/2014,757.52,EUR
23/03/2014,760.35,EUR
20/03/2014,767.08,EUR
19/03/2014,763.16,EUR
18/03/2014,769.77,EUR
17/03/2014,775.6,EUR
16/03/2014,783.63,EUR
13/03/2014,785.56,EUR
12/03/2014,784.86,EUR
11/03/2014,784.99,EUR
10/03/2014,773.06,EUR
09/03/2014,775.44,EUR
06/03/2014,776.73,EUR
05/03/2014,784.8,EUR
04/03/2014,777.25,EUR
03/03/2014,773.12,EUR
02/03/2014,774.39,EUR
27/02/2014,763.81,EUR
26/02/2014,767.41,EUR
25/02/2014,761.17,EUR
24/02/2014,772.28,EUR
23/02/2014,773.32,EUR
20/02/2014,766.15,EUR
19/02/2014,761.5,EUR
18/02/2014,764.65,EUR
17/02/2014,766.27,EUR
13/02/2014,762.42,EUR
12/02/2014,747.83,EUR
11/02/2014,744.92,EUR
10/02/2014,737.55,EUR
09/02/2014,733.99,EUR
06/02/2014,727.82,EUR
05/02/2014,726.44,EUR
04/02/2014,725.24,EUR
03/02/2014,718.96,EUR
02/02/2014,722.75,EUR
30/01/2014,715.27,EUR
29/01/2014,717.44,EUR
28/01/2014,728.81,EUR
27/01/2014,727.24,EUR
26/01/2014,734.89,EUR
23/01/2014,738.4,EUR
22/01/2014,745.96,EUR
21/01/2014,740.02,EUR
20/01/2014,739.91,EUR
16/01/2014,745.85,EUR
15/01/2014,737.9,EUR
14/01/2014,737.87,EUR
13/01/2014,740.14,EUR
12/01/2014,743.57,EUR
09/01/2014,741.98,EUR
08/01/2014,730.13,EUR
07/01/2014,727.95,EUR
06/01/2014,731.67,EUR
05/01/2014,735.47,EUR
02/01/2014,734.78,EUR
01/01/2014,729.93,EUR
30/12/2013,713,EUR
29/12/2013,712.93,EUR
26/12/2013,720.07,EUR
23/12/2013,705.55,EUR
22/12/2013,702.79,EUR
19/12/2013,705.92,EUR
18/12/2013,699.74,EUR
17/12/2013,718.94,EUR
16/12/2013,716.85,EUR
15/12/2013,726.85,EUR
12/12/2013,721.35,EUR
11/12/2013,719.14,EUR
10/12/2013,739.13,EUR
09/12/2013,740.06,EUR
08/12/2013,726.68,EUR
05/12/2013,723.2,EUR
04/12/2013,725.16,EUR
03/12/2013,730.23,EUR
02/12/2013,713.26,EUR
01/12/2013,713.96,EUR
28/11/2013,729.73,EUR
26/11/2013,721.84,EUR
25/11/2013,726.95,EUR
24/11/2013,728.7,EUR
21/11/2013,728.58,EUR
20/11/2013,729.97,EUR
19/11/2013,735.16,EUR
18/11/2013,744.55,EUR
17/11/2013,742.44,EUR
14/11/2013,755.07,EUR
13/11/2013,756.95,EUR
12/11/2013,748.8,EUR
11/11/2013,754.34,EUR
07/11/2013,765.12,EUR
06/11/2013,774.7,EUR
05/11/2013,779.9,EUR
04/11/2013,771.89,EUR
03/11/2013,774.32,EUR
30/10/2013,773.99,EUR
29/10/2013,794.3,EUR
28/10/2013,787.33,EUR
27/10/2013,791.15,EUR
24/10/2013,789.53,EUR
23/10/2013,790.49,EUR
22/10/2013,783.27,EUR
21/10/2013,789.18,EUR
20/10/2013,777.72,EUR
17/10/2013,772.65,EUR
16/10/2013,773.79,EUR
15/10/2013,751.66,EUR
14/10/2013,745.2,EUR
13/10/2013,749.18,EUR
10/10/2013,745.46,EUR
09/10/2013,758.41,EUR
08/10/2013,757.2,EUR
07/10/2013,769.81,EUR
06/10/2013,767.19,EUR
03/10/2013,757.13,EUR
02/10/2013,756.94,EUR
01/10/2013,765.43,EUR
30/09/2013,751.3,EUR
29/09/2013,768.86,EUR
26/09/2013,774.28,EUR
25/09/2013,768.3,EUR
24/09/2013,774.35,EUR
23/09/2013,765.49,EUR
22/09/2013,770.16,EUR
19/09/2013,773.63,EUR
18/09/2013,799.79,EUR
17/09/2013,761.06,EUR
16/09/2013,763.68,EUR
15/09/2013,769.06,EUR
12/09/2013,763.89,EUR
11/09/2013,770.11,EUR
10/09/2013,787.58,EUR
09/09/2013,786.94,EUR
08/09/2013,795.27,EUR
05/09/2013,801.25,EUR
04/09/2013,790.1,EUR
03/09/2013,799.01,EUR
02/09/2013,820.41,EUR
29/08/2013,810.7,EUR
28/08/2013,822.1,EUR
27/08/2013,829.51,EUR
26/08/2013,831.49,EUR
22/08/2013,821.18,EUR
21/08/2013,811.42,EUR
20/08/2013,806.58,EUR
19/08/2013,809.32,EUR
18/08/2013,807.47,EUR
15/08/2013,814.28,EUR
13/08/2013,787.13,EUR
12/08/2013,780.1,EUR
11/08/2013,782.68,EUR
08/08/2013,771.53,EUR
07/08/2013,767.88,EUR
06/08/2013,748,EUR
05/08/2013,746.34,EUR
04/08/2013,757.05,EUR
01/08/2013,759.62,EUR
31/07/2013,757.1,EUR
30/07/2013,754.74,EUR
29/07/2013,759.09,EUR
28/07/2013,765.67,EUR
25/07/2013,756.66,EUR
24/07/2013,767.79,EUR
23/07/2013,766.54,EUR
22/07/2013,769.01,EUR
21/07/2013,774.44,EUR
18/07/2013,754.83,EUR
17/07/2013,750.2,EUR
16/07/2013,746.07,EUR
15/07/2013,754.62,EUR
14/07/2013,751.37,EUR
11/07/2013,746.27,EUR
10/07/2013,747.16,EUR
09/07/2013,728.91,EUR
08/07/2013,724.93,EUR
07/07/2013,720.64,EUR
04/07/2013,705.78,EUR
02/07/2013,725.98,EUR
01/07/2013,724.17,EUR
30/06/2013,730.05,EUR
27/06/2013,711.92,EUR
26/06/2013,698.65,EUR
25/06/2013,696.48,EUR
24/06/2013,726.88,EUR
23/06/2013,722.09,EUR
20/06/2013,737.63,EUR
19/06/2013,732.48,EUR
18/06/2013,779.59,EUR
17/06/2013,783.17,EUR
16/06/2013,788.88,EUR
13/06/2013,796.09,EUR
12/06/2013,791.04,EUR
11/06/2013,805.65,EUR
10/06/2013,800.05,EUR
09/06/2013,810.91,EUR
06/06/2013,806.67,EUR
05/06/2013,824.29,EUR
04/06/2013,815.47,EUR
03/06/2013,811.35,EUR
02/06/2013,819.32,EUR
30/05/2013,806.59,EUR
29/05/2013,818.13,EUR
28/05/2013,806.33,EUR
27/05/2013,804.94,EUR
23/05/2013,800.73,EUR
22/05/2013,805.37,EUR
21/05/2013,804.27,EUR
20/05/2013,804.27,EUR
16/05/2013,800.25,EUR
15/05/2013,809.57,EUR
14/05/2013,809.44,EUR
13/05/2013,821.76,EUR
12/05/2013,822.13,EUR
09/05/2013,819.47,EUR
06/05/2013,816.65,EUR
02/05/2013,826.93,EUR
01/05/2013,826.24,EUR
29/04/2013,831.59,EUR
28/04/2013,830.9,EUR
25/04/2013,817.6,EUR
24/04/2013,820.58,EUR
23/04/2013,795.91,EUR
22/04/2013,792.66,EUR
21/04/2013,803.32,EUR
18/04/2013,792.7,EUR
17/04/2013,792.91,EUR
16/04/2013,789.94,EUR
15/04/2013,799.2,EUR
14/04/2013,786.03,EUR
11/04/2013,854.97,EUR
10/04/2013,888.42,EUR
09/04/2013,882.99,EUR
08/04/2013,896.25,EUR
07/04/2013,885.55,EUR
04/04/2013,885.26,EUR
03/04/2013,875.69,EUR
02/04/2013,886.48,EUR
01/04/2013,901.69,EUR
27/03/2013,913.19,EUR
26/03/2013,918.67,EUR
25/03/2013,913.65,EUR
24/03/2013,917.59,EUR
21/03/2013,918.19,EUR
20/03/2013,921.85,EUR
19/03/2013,918.55,EUR
18/03/2013,910.34,EUR
17/03/2013,919.63,EUR
14/03/2013,921.4,EUR
13/03/2013,919.23,EUR
12/03/2013,920.32,EUR
11/03/2013,923.78,EUR
10/03/2013,920.47,EUR
07/03/2013,922.19,EUR
06/03/2013,913.81,EUR
05/03/2013,907.02,EUR
04/03/2013,905.01,EUR
03/03/2013,896.17,EUR
28/02/2013,898.68,EUR
27/02/2013,904.44,EUR
26/02/2013,916.72,EUR
25/02/2013,924.09,EUR
24/02/2013,919.1,EUR
21/02/2013,907.65,EUR
20/02/2013,911.52,EUR
19/02/2013,914.82,EUR
18/02/2013,938.82,EUR
14/02/2013,937.79,EUR
13/02/2013,953.43,EUR
12/02/2013,963.28,EUR
11/02/2013,963.6,EUR
10/02/2013,957,EUR
07/02/2013,964.63,EUR
06/02/2013,965.97,EUR
05/02/2013,976.28,EUR
04/02/2013,971.84,EUR
03/02/2013,968.35,EUR
31/01/2013,967.17,EUR
30/01/2013,957.25,EUR
29/01/2013,969.89,EUR
28/01/2013,957.93,EUR
27/01/2013,949.27,EUR
24/01/2013,956.98,EUR
23/01/2013,957.82,EUR
22/01/2013,966.64,EUR
21/01/2013,968.23,EUR
17/01/2013,960.65,EUR
16/01/2013,964.84,EUR
15/01/2013,960.94,EUR
14/01/2013,956.88,EUR
13/01/2013,944.63,EUR
10/01/2013,934.71,EUR
09/01/2013,942.11,EUR
08/01/2013,925.37,EUR
07/01/2013,920.19,EUR
06/01/2013,911.82,EUR
03/01/2013,917.07,EUR
02/01/2013,932.45,EUR
01/01/2013,938.83,EUR
30/12/2012,926.82,EUR
27/12/2012,917.8,EUR
26/12/2012,925.2,EUR
23/12/2012,915.98,EUR
20/12/2012,917.84,EUR
19/12/2012,912.11,EUR
18/12/2012,936.72,EUR
17/12/2012,938.84,EUR
16/12/2012,952.23,EUR
13/12/2012,954.06,EUR
12/12/2012,951.2,EUR
11/12/2012,971.06,EUR
10/12/2012,962.71,EUR
09/12/2012,966.15,EUR
06/12/2012,959,EUR
05/12/2012,957.11,EUR
04/12/2012,949.66,EUR
03/12/2012,947.66,EUR
02/12/2012,964.97,EUR
29/11/2012,958.5,EUR
28/11/2012,970.42,EUR
27/11/2012,959.78,EUR
26/11/2012,966.22,EUR
25/11/2012,965.51,EUR
22/11/2012,968.57,EUR
20/11/2012,950.45,EUR
19/11/2012,941.73,EUR
18/11/2012,948.93,EUR
15/11/2012,931.75,EUR
14/11/2012,936.49,EUR
13/11/2012,946.45,EUR
12/11/2012,940.93,EUR
11/11/2012,930.8,EUR
08/11/2012,931.5,EUR
07/11/2012,927.36,EUR
06/11/2012,919.85,EUR
05/11/2012,927.77,EUR
04/11/2012,908.74,EUR
01/11/2012,904.82,EUR
30/10/2012,929.74,EUR
25/10/2012,918.4,EUR
24/10/2012,924.68,EUR
23/10/2012,915.13,EUR
22/10/2012,919.71,EUR
21/10/2012,939.73,EUR
18/10/2012,938.99,EUR
17/10/2012,958.99,EUR
16/10/2012,968.16,EUR
15/10/2012,957.63,EUR
14/10/2012,951.06,EUR
11/10/2012,966.66,EUR
10/10/2012,978.82,EUR
09/10/2012,976.25,EUR
08/10/2012,980.16,EUR
07/10/2012,982.63,EUR
04/10/2012,990.22,EUR
03/10/2012,1002.4,EUR
02/10/2012,987.61,EUR
01/10/2012,984.66,EUR
30/09/2012,985.03,EUR
27/09/2012,977.52,EUR
26/09/2012,974.38,EUR
25/09/2012,960.23,EUR
24/09/2012,967.34,EUR
23/09/2012,967.67,EUR
20/09/2012,986.34,EUR
19/09/2012,979.65,EUR
18/09/2012,986.16,EUR
17/09/2012,984.34,EUR
16/09/2012,995.08,EUR
13/09/2012,1007.31,EUR
12/09/2012,999.58,EUR
11/09/2012,975.57,EUR
10/09/2012,969.84,EUR
09/09/2012,968.72,EUR
06/09/2012,962.77,EUR
05/09/2012,946.83,EUR
04/09/2012,940.85,EUR
03/09/2012,938.57,EUR
30/08/2012,921.65,EUR
29/08/2012,900.53,EUR
28/08/2012,914.68,EUR
27/08/2012,917.57,EUR
23/08/2012,925.83,EUR
22/08/2012,926.35,EUR
21/08/2012,901.31,EUR
20/08/2012,896.39,EUR
19/08/2012,880.12,EUR
16/08/2012,870.73,EUR
15/08/2012,858.76,EUR
13/08/2012,845.97,EUR
12/08/2012,845.09,EUR
09/08/2012,852.58,EUR
08/08/2012,856.14,EUR
07/08/2012,855,EUR
06/08/2012,855.32,EUR
05/08/2012,849.67,EUR
02/08/2012,849.87,EUR
01/08/2012,833.66,EUR
31/07/2012,847.6,EUR
30/07/2012,856.78,EUR
29/07/2012,857.39,EUR
26/07/2012,846.53,EUR
25/07/2012,844.71,EUR
24/07/2012,841.38,EUR
23/07/2012,828.97,EUR
22/07/2012,836.22,EUR
19/07/2012,843.31,EUR
18/07/2012,846.85,EUR
17/07/2012,839.22,EUR
16/07/2012,847.96,EUR
15/07/2012,845.81,EUR
12/07/2012,851.86,EUR
11/07/2012,839.49,EUR
10/07/2012,845.66,EUR
09/07/2012,842.54,EUR
08/07/2012,853.26,EUR
05/07/2012,847.13,EUR
04/07/2012,863.21,EUR
02/07/2012,876.72,EUR
01/07/2012,855.01,EUR
28/06/2012,858.46,EUR
27/06/2012,824.65,EUR
26/06/2012,843.36,EUR
25/06/2012,851.27,EUR
24/06/2012,863.57,EUR
21/06/2012,852.74,EUR
20/06/2012,855.67,EUR
19/06/2012,882.89,EUR
18/06/2012,889.33,EUR
17/06/2012,894.07,EUR
14/06/2012,894.44,EUR
13/06/2012,892.38,EUR
12/06/2012,889.25,EUR
11/06/2012,887.05,EUR
10/06/2012,881.71,EUR
07/06/2012,871.66,EUR
06/06/2012,878.98,EUR
05/06/2012,899.4,EUR
31/05/2012,878.17,EUR
30/05/2012,862.03,EUR
29/05/2012,858.89,EUR
28/05/2012,859.31,EUR
24/05/2012,861.37,EUR
23/05/2012,856.65,EUR
22/05/2012,850.53,EUR
21/05/2012,875.07,EUR
20/05/2012,876.69,EUR
17/05/2012,877.33,EUR
15/05/2012,850.45,EUR
14/05/2012,864.81,EUR
13/05/2012,864.6,EUR
10/05/2012,879.58,EUR
09/05/2012,891.1,EUR
08/05/2012,891.6,EUR
06/05/2012,921.78,EUR
03/05/2012,927.65,EUR
02/05/2012,925.72,EUR
01/05/2012,940.91,EUR
29/04/2012,951.01,EUR
26/04/2012,954.51,EUR
25/04/2012,949.04,EUR
24/04/2012,930.51,EUR
23/04/2012,937.61,EUR
22/04/2012,937.42,EUR
19/04/2012,953.84,EUR
18/04/2012,948.85,EUR
17/04/2012,944.45,EUR
16/04/2012,950.1,EUR
15/04/2012,942.3,EUR
12/04/2012,944.6,EUR
11/04/2012,960.94,EUR
10/04/2012,941.3,EUR
09/04/2012,944.07,EUR
04/04/2012,945.22,EUR
03/04/2012,931.92,EUR
02/04/2012,975.8,EUR
01/04/2012,974.64,EUR
29/03/2012,965.88,EUR
28/03/2012,954.12,EUR
27/03/2012,956.58,EUR
26/03/2012,975.22,EUR
25/03/2012,976.78,EUR
22/03/2012,964.06,EUR
21/03/2012,948.82,EUR
20/03/2012,974.11,EUR
19/03/2012,975.64,EUR
18/03/2012,995.32,EUR
15/03/2012,987.75,EUR
14/03/2012,993.36,EUR
13/03/2012,981.18,EUR
12/03/2012,1007.45,EUR
11/03/2012,1004.5,EUR
08/03/2012,1012.76,EUR
07/03/2012,1000,EUR
